<?xml version="1.0" encoding="UTF-8"?>
<jcr:root xmlns:jcr="http://www.jcp.org/jcr/1.0" xmlns:nt="http://www.jcp.org/jcr/nt/1.0"
    jcr:primaryType="nt:unstructured">
    <cui jcr:primaryType="nt:unstructured">
        <inline
            jcr:primaryType="nt:unstructured"
            toolbar="[format#bold,format#italic,format#underline,experience-aem#colorPicker,subsuperscript#superscript,subsuperscript#subscript,links#modifylink,links#unlink,links#anchor,findreplace#find,findreplace#replace,#justify,#lists,table#table,spellcheck#checktext,misctools#specialchars,misctools#sourceedit,#paraformat,#styles,#fontstyles,#iconfonts,edit#cut,edit#copy,edit#paste-plaintext,edit#paste-wordhtml]">
            <popovers jcr:primaryType="nt:unstructured">
                <format
                    jcr:primaryType="nt:unstructured"
                    items="[format#bold,format#italic,format#underline]"
                    ref="format"/>
                <justify
                    jcr:primaryType="nt:unstructured"
                    items="[justify#justifyleft,justify#justifycenter,justify#justifyright,justify#justifyfull]"
                    ref="justify"/>
                <lists
                    jcr:primaryType="nt:unstructured"
                    items="[lists#unordered,lists#ordered,lists#outdent,lists#indent]"
                    ref="lists"/>
                <styles
                    jcr:primaryType="nt:unstructured"
                    items="styles:getStyles:styles-pulldown"
                    ref="styles"/>
                <fontstyles
                    jcr:primaryType="nt:unstructured"
                    items="fontstyles:getStyles:fontstyles-pulldown"
                    ref="fontstyles"/>
                <iconfonts
                    jcr:primaryType="nt:unstructured"
                    items="iconfonts:getStyles:iconfonts-pulldown"
                    ref="iconfonts"/>
                <paraformat
                    jcr:primaryType="nt:unstructured"
                    items="paraformat:getFormats:paraformat-pulldown"
                    ref="paraformat"/>
            </popovers>
        </inline>
        <dialogFullScreen
            jcr:primaryType="nt:unstructured"
            toolbar="[format#bold,format#italic,format#underline,experience-aem#colorPicker,subsuperscript#subscript,subsuperscript#superscript,links#modifylink,links#unlink,links#anchor,findreplace#find,findreplace#replace,justify#justifyleft,justify#justifycenter,justify#justifyright,lists#unordered,lists#ordered,lists#outdent,lists#indent,image#imageProps,table#createoredit,spellcheck#checktext,misctools#specialchars,misctools#sourceedit,#paraformat,#styles,#fontstyles,#iconfonts,edit#cut,edit#copy,edit#paste-plaintext,edit#paste-wordhtml]">
            <popovers jcr:primaryType="nt:unstructured">
                <paraformat
                    jcr:primaryType="nt:unstructured"
                    items="paraformat:getFormats:paraformat-pulldown"
                    ref="paraformat"/>
                <styles
                    jcr:primaryType="nt:unstructured"
                    items="styles:getStyles:styles-pulldown"
                    ref="styles"/>
                <fontstyles
                    jcr:primaryType="nt:unstructured"
                    items="fontstyles:getStyles:fontstyles-pulldown"
                    ref="fontstyles"/>
                <iconfonts
                    jcr:primaryType="nt:unstructured"
                    items="iconfonts:getStyles:iconfonts-pulldown"
                    ref="iconfonts"/>
            </popovers>
        </dialogFullScreen>
        <tableEditOptions
            jcr:primaryType="nt:unstructured"
            toolbar="[table#insertcolumn-before,table#insertcolumn-after,table#removecolumn,-,table#insertrow-before,table#insertrow-after,table#removerow,-,table#mergecells-right,table#mergecells-down,table#mergecells,table#splitcell-horizontal,table#splitcell-vertical,-,table#selectrow,table#selectcolumn,-,table#ensureparagraph,-,table#modifytableandcell,table#removetable,-,undo#undo,undo#redo,-,table#exitTableEditing,-]"/>
    </cui>
</jcr:root>
