<?xml version="1.0" encoding="UTF-8"?>
<jcr:root xmlns:sling="http://sling.apache.org/jcr/sling/1.0" xmlns:cq="http://www.day.com/jcr/cq/1.0" xmlns:jcr="http://www.jcp.org/jcr/1.0" xmlns:nt="http://www.jcp.org/jcr/nt/1.0"
    jcr:isCheckedOut="{Boolean}false"
    jcr:primaryType="cq:WorkflowModel"
    jcr:uuid="797e0251-7fd6-4959-bb49-245413b653d8"
    sling:resourceType="cq/workflow/components/model"
    description="No Description"
    title="Amica Approval Workflow">
    <metaData
        cq:lastModified="{Long}1553745209469"
        cq:lastModifiedBy="T031751"
        jcr:primaryType="nt:unstructured"/>
    <nodes jcr:primaryType="nt:unstructured">
        <node0
            jcr:primaryType="cq:WorkflowNode"
            title="Start"
            type="START">
            <metaData jcr:primaryType="nt:unstructured"/>
        </node0>
        <node1
            jcr:primaryType="cq:WorkflowNode"
            description=" "
            title="Initial Step"
            type="DYNAMIC_PARTICIPANT">
            <metaData
                jcr:primaryType="nt:unstructured"
                DYNAMIC_PARTICIPANT="/etc/workflow/scripts/initiator-participant-chooser.ecma"
                PROCESS_AUTO_ADVANCE="true"/>
        </node1>
        <node2
            jcr:primaryType="cq:WorkflowNode"
            title="Add Comment"
            type="PROCESS">
            <metaData
                jcr:primaryType="nt:unstructured"
                PROCESS="/etc/workflow/scripts/amica/addComment.ecma"
                PROCESS_AUTO_ADVANCE="true"/>
        </node2>
        <node3
            jcr:primaryType="cq:WorkflowNode"
            title="Reviewer"
            type="PARTICIPANT">
            <metaData
                jcr:primaryType="nt:unstructured"
                PARTICIPANT="content-authors"
                timeoutHandler="com.adobe.granite.workflow.console.timeout.autoadvance.AutoAdvancer"
                timeoutMillis="0"/>
        </node3>
        <node4
            jcr:primaryType="cq:WorkflowNode"
            description="A process to lock the payload."
            title="Lock Payload Process"
            type="PROCESS">
            <metaData
                jcr:primaryType="nt:unstructured"
                PROCESS="com.day.cq.workflow.impl.process.LockProcess"
                PROCESS_AUTO_ADVANCE="true"/>
        </node4>
        <node5
            jcr:primaryType="cq:WorkflowNode"
            title="OR_SPLIT"
            type="OR_SPLIT">
            <metaData jcr:primaryType="nt:unstructured"/>
        </node5>
        <node6
            jcr:primaryType="cq:WorkflowNode"
            title="OR_JOIN"
            type="OR_JOIN">
            <metaData jcr:primaryType="nt:unstructured"/>
        </node6>
        <node7
            jcr:primaryType="cq:WorkflowNode"
            description=" "
            title="Assign to next aprover group"
            type="PROCESS">
            <metaData
                jcr:primaryType="nt:unstructured"
                PROCESS="/etc/workflow/scripts/noop.ecma"
                PROCESS_AUTO_ADVANCE="true"/>
        </node7>
        <node8
            jcr:primaryType="cq:WorkflowNode"
            title="Design Approvers"
            type="PARTICIPANT">
            <metaData
                jcr:primaryType="nt:unstructured"
                PARTICIPANT="design-authors"
                timeoutHandler="/etc/workflow/scripts/amica/pickReviewer.ecma"
                timeoutMillis="0"/>
        </node8>
        <node9
            jcr:primaryType="cq:WorkflowNode"
            description="A process to lock the payload."
            title="Lock Payload Process"
            type="PROCESS">
            <metaData
                jcr:primaryType="nt:unstructured"
                PROCESS="com.day.cq.workflow.impl.process.LockProcess"
                PROCESS_AUTO_ADVANCE="true"/>
        </node9>
        <node10
            jcr:primaryType="cq:WorkflowNode"
            title="OR_SPLIT"
            type="OR_SPLIT">
            <metaData jcr:primaryType="nt:unstructured"/>
        </node10>
        <node11
            jcr:primaryType="cq:WorkflowNode"
            title="OR_JOIN"
            type="OR_JOIN">
            <metaData jcr:primaryType="nt:unstructured"/>
        </node11>
        <node12
            jcr:primaryType="cq:WorkflowNode"
            description=" "
            title="Assign Back to Author"
            type="DYNAMIC_PARTICIPANT">
            <metaData
                jcr:primaryType="nt:unstructured"
                DYNAMIC_PARTICIPANT="/etc/workflow/scripts/initiator-participant-chooser.ecma"
                timeoutHandler="com.adobe.granite.workflow.console.timeout.autoadvance.AutoAdvancer"
                timeoutMillis="0"/>
        </node12>
        <node13
            jcr:primaryType="cq:WorkflowNode"
            description="A process to unlock the payload."
            title="Unlock Payload Process"
            type="PROCESS">
            <metaData
                jcr:primaryType="nt:unstructured"
                PROCESS="com.day.cq.workflow.impl.process.UnlockProcess"
                PROCESS_AUTO_ADVANCE="true"/>
        </node13>
        <node14
            jcr:primaryType="cq:WorkflowNode"
            description="Goto Step"
            title="Goto Step"
            type="PROCESS">
            <metaData
                jcr:primaryType="nt:unstructured"
                PROCESS="com.adobe.granite.workflow.core.process.GotoProcess"
                PROCESS_AUTO_ADVANCE="false"
                script="function check() {&#xa;return true;&#xa;}"
                TARGET_NODE_ID="node1"
                TARGET_NODE_PATH="/etc/workflow/models/amica-approval-workflow/jcr:content/flow/initiatorparticipant"/>
        </node14>
        <node15
            jcr:primaryType="cq:WorkflowNode"
            title="Assign to Content approver group"
            type="PROCESS">
            <metaData
                jcr:primaryType="nt:unstructured"
                PROCESS="/etc/workflow/scripts/amica/addComment.ecma"
                PROCESS_AUTO_ADVANCE="true"/>
        </node15>
        <node16
            jcr:primaryType="cq:WorkflowNode"
            title="Content Approvers"
            type="PARTICIPANT">
            <metaData
                jcr:primaryType="nt:unstructured"
                PARTICIPANT="content-authors-amica"
                timeoutHandler="/etc/workflow/scripts/amica/pickReviewer.ecma"
                timeoutMillis="0"/>
        </node16>
        <node17
            jcr:primaryType="cq:WorkflowNode"
            description="A process to lock the payload."
            title="Lock Payload Process"
            type="PROCESS">
            <metaData
                jcr:primaryType="nt:unstructured"
                PROCESS="com.day.cq.workflow.impl.process.LockProcess"
                PROCESS_AUTO_ADVANCE="true"/>
        </node17>
        <node18
            jcr:primaryType="cq:WorkflowNode"
            title="OR_SPLIT"
            type="OR_SPLIT">
            <metaData jcr:primaryType="nt:unstructured"/>
        </node18>
        <node19
            jcr:primaryType="cq:WorkflowNode"
            title="OR_JOIN"
            type="OR_JOIN">
            <metaData jcr:primaryType="nt:unstructured"/>
        </node19>
        <node20
            jcr:primaryType="cq:WorkflowNode"
            description=" "
            title="Assign Back to Author"
            type="DYNAMIC_PARTICIPANT">
            <metaData
                jcr:primaryType="nt:unstructured"
                DYNAMIC_PARTICIPANT="/etc/workflow/scripts/initiator-participant-chooser.ecma"
                timeoutHandler="com.adobe.granite.workflow.console.timeout.autoadvance.AutoAdvancer"
                timeoutMillis="0"/>
        </node20>
        <node21
            jcr:primaryType="cq:WorkflowNode"
            description="A process to unlock the payload."
            title="Unlock Payload Process"
            type="PROCESS">
            <metaData
                jcr:primaryType="nt:unstructured"
                PROCESS="com.day.cq.workflow.impl.process.UnlockProcess"
                PROCESS_AUTO_ADVANCE="true"/>
        </node21>
        <node22
            jcr:primaryType="cq:WorkflowNode"
            description="Goto Step"
            title="Goto Step"
            type="PROCESS">
            <metaData
                jcr:primaryType="nt:unstructured"
                PROCESS="com.adobe.granite.workflow.core.process.GotoProcess"
                PROCESS_AUTO_ADVANCE="false"
                script="function check() {&#xa;return true;&#xa;}"
                TARGET_NODE_ID="node1"
                TARGET_NODE_PATH="/etc/workflow/models/amica-approval-workflow/jcr:content/flow/initiatorparticipant"/>
        </node22>
        <node23
            jcr:primaryType="cq:WorkflowNode"
            title="Assign to Publisher group"
            type="PROCESS">
            <metaData
                jcr:primaryType="nt:unstructured"
                PROCESS="/etc/workflow/scripts/amica/addComment.ecma"
                PROCESS_AUTO_ADVANCE="true"/>
        </node23>
        <node24
            jcr:primaryType="cq:WorkflowNode"
            description="  "
            title="Publish"
            type="DYNAMIC_PARTICIPANT">
            <metaData
                jcr:primaryType="nt:unstructured"
                DYNAMIC_PARTICIPANT="/etc/workflow/scripts/amica/pickPublisher.ecma"
                timeoutHandler="com.adobe.granite.workflow.console.timeout.autoadvance.AutoAdvancer"
                timeoutMillis="0"/>
        </node24>
        <node25
            jcr:primaryType="cq:WorkflowNode"
            title="OR_SPLIT"
            type="OR_SPLIT">
            <metaData jcr:primaryType="nt:unstructured"/>
        </node25>
        <node26
            jcr:primaryType="cq:WorkflowNode"
            title="OR_JOIN"
            type="OR_JOIN">
            <metaData jcr:primaryType="nt:unstructured"/>
        </node26>
        <node27
            jcr:primaryType="cq:WorkflowNode"
            description=" "
            title="Activate page"
            type="PROCESS">
            <metaData
                jcr:primaryType="nt:unstructured"
                PROCESS="/etc/workflow/scripts/amica/addActivationTime.ecma"
                PROCESS_AUTO_ADVANCE="true"/>
        </node27>
        <node28
            jcr:primaryType="cq:WorkflowNode"
            description="A process to unlock the payload."
            title="Unlock Payload Process"
            type="PROCESS">
            <metaData
                jcr:primaryType="nt:unstructured"
                PROCESS="com.day.cq.workflow.impl.process.UnlockProcess"
                PROCESS_AUTO_ADVANCE="true"/>
        </node28>
        <node29
            jcr:primaryType="cq:WorkflowNode"
            description="  "
            title="Activate Page"
            type="PROCESS">
            <metaData
                jcr:primaryType="nt:unstructured"
                PROCESS="/etc/workflow/scripts/amica/addComment.ecma"
                PROCESS_AUTO_ADVANCE="true"
                timeoutHandler="/etc/workflow/scripts/amica/addActivationTime.ecma"
                timeoutMillis="0"/>
        </node29>
        <node30
            jcr:primaryType="cq:WorkflowNode"
            description=" "
            title="Setting up for Publish"
            type="PARTICIPANT">
            <metaData
                jcr:primaryType="nt:unstructured"
                PARTICIPANT="admin-amica"
                timeoutHandler="com.adobe.granite.workflow.console.timeout.autoadvance.AbsoluteTimeAutoAdvancer"
                timeoutMillis="0"/>
        </node30>
        <node31
            jcr:primaryType="cq:WorkflowNode"
            description=" "
            title="Assigning to Publisher for activation"
            type="DYNAMIC_PARTICIPANT">
            <metaData
                jcr:primaryType="nt:unstructured"
                DYNAMIC_PARTICIPANT="/etc/workflow/scripts/amica/pickPublisher.ecma"
                timeoutHandler="com.adobe.granite.workflow.console.timeout.autoadvance.AutoAdvancer"
                timeoutMillis="0"/>
        </node31>
        <node32
            jcr:primaryType="cq:WorkflowNode"
            description="A process to activate a page or asset"
            title="Activate Page/Asset"
            type="PROCESS">
            <metaData
                jcr:primaryType="nt:unstructured"
                PROCESS="com.day.cq.wcm.workflow.process.ActivatePageProcess"
                PROCESS_AUTO_ADVANCE="true"
                replicateAsParticipant="true"/>
        </node32>
        <node33
            jcr:primaryType="cq:WorkflowNode"
            description="  "
            title="Next Step"
            type="PROCESS">
            <metaData
                jcr:primaryType="nt:unstructured"
                PROCESS="/etc/workflow/scripts/amica/addComment.ecma"
                PROCESS_AUTO_ADVANCE="true"/>
        </node33>
        <node34
            jcr:primaryType="cq:WorkflowNode"
            description="  "
            title="Asset Published"
            type="DYNAMIC_PARTICIPANT">
            <metaData
                jcr:primaryType="nt:unstructured"
                DO_NOTIFY="true"
                DYNAMIC_PARTICIPANT="/etc/workflow/scripts/initiator-participant-chooser.ecma"
                timeoutHandler="com.adobe.granite.workflow.console.timeout.autoadvance.AutoAdvancer"
                timeoutMillis="0"/>
        </node34>
        <node35
            jcr:primaryType="cq:WorkflowNode"
            description="  "
            title="Assign back to Author"
            type="DYNAMIC_PARTICIPANT">
            <metaData
                jcr:primaryType="nt:unstructured"
                DYNAMIC_PARTICIPANT="/etc/workflow/scripts/initiator-participant-chooser.ecma"
                timeoutHandler="com.adobe.granite.workflow.console.timeout.autoadvance.AutoAdvancer"
                timeoutMillis="0"/>
        </node35>
        <node36
            jcr:primaryType="cq:WorkflowNode"
            description="A process to unlock the payload."
            title="Unlock Payload Process"
            type="PROCESS">
            <metaData
                jcr:primaryType="nt:unstructured"
                PROCESS="com.day.cq.workflow.impl.process.UnlockProcess"
                PROCESS_AUTO_ADVANCE="true"/>
        </node36>
        <node37
            jcr:primaryType="cq:WorkflowNode"
            description="Goto Step"
            title="Goto Step"
            type="PROCESS">
            <metaData
                jcr:primaryType="nt:unstructured"
                PROCESS="com.adobe.granite.workflow.core.process.GotoProcess"
                PROCESS_AUTO_ADVANCE="false"
                script="function check() {&#xa;return true;&#xa;}"
                TARGET_NODE_ID="node1"
                TARGET_NODE_PATH="/etc/workflow/models/amica-approval-workflow/jcr:content/flow/initiatorparticipant"/>
        </node37>
        <node38
            jcr:primaryType="cq:WorkflowNode"
            description=" "
            title="Assign back to Author"
            type="DYNAMIC_PARTICIPANT">
            <metaData
                jcr:primaryType="nt:unstructured"
                DYNAMIC_PARTICIPANT="/etc/workflow/scripts/initiator-participant-chooser.ecma"
                timeoutHandler="com.adobe.granite.workflow.console.timeout.autoadvance.AutoAdvancer"
                timeoutMillis="0"/>
        </node38>
        <node39
            jcr:primaryType="cq:WorkflowNode"
            description="A process to unlock the payload."
            title="Unlock Payload Process"
            type="PROCESS">
            <metaData
                jcr:primaryType="nt:unstructured"
                PROCESS="com.day.cq.workflow.impl.process.UnlockProcess"
                PROCESS_AUTO_ADVANCE="true"/>
        </node39>
        <node40
            jcr:primaryType="cq:WorkflowNode"
            description="Goto Step"
            title="Goto Step"
            type="PROCESS">
            <metaData
                jcr:primaryType="nt:unstructured"
                PROCESS="com.adobe.granite.workflow.core.process.GotoProcess"
                PROCESS_AUTO_ADVANCE="false"
                script="function check() {&#xa;return true;&#xa;}"
                TARGET_NODE_ID="node1"
                TARGET_NODE_PATH="/etc/workflow/models/amica-approval-workflow/jcr:content/flow/initiatorparticipant"/>
        </node40>
        <node41
            jcr:primaryType="cq:WorkflowNode"
            title="End"
            type="END">
            <metaData jcr:primaryType="nt:unstructured"/>
        </node41>
    </nodes>
    <transitions jcr:primaryType="nt:unstructured">
        <node0_x0023_node1
            jcr:primaryType="cq:WorkflowTransition"
            from="node0"
            rule=""
            to="node1">
            <metaData jcr:primaryType="nt:unstructured"/>
        </node0_x0023_node1>
        <node1_x0023_node2
            jcr:primaryType="cq:WorkflowTransition"
            from="node1"
            rule=""
            to="node2">
            <metaData jcr:primaryType="nt:unstructured"/>
        </node1_x0023_node2>
        <node2_x0023_node3
            jcr:primaryType="cq:WorkflowTransition"
            from="node2"
            rule=""
            to="node3">
            <metaData jcr:primaryType="nt:unstructured"/>
        </node2_x0023_node3>
        <node3_x0023_node4
            jcr:primaryType="cq:WorkflowTransition"
            from="node3"
            rule=""
            to="node4">
            <metaData jcr:primaryType="nt:unstructured"/>
        </node3_x0023_node4>
        <node4_x0023_node5
            jcr:primaryType="cq:WorkflowTransition"
            from="node4"
            to="node5">
            <metaData jcr:primaryType="nt:unstructured"/>
        </node4_x0023_node5>
        <node5_x0023_node7
            jcr:primaryType="cq:WorkflowTransition"
            from="node5"
            rule="function check(){ &#xa;&#xa;return workflowData.getMetaDataMap().get(&quot;group1&quot;, &quot;false&quot;) == &quot;false&quot;?false:true; &#xa;&#xa;} "
            to="node7">
            <metaData
                jcr:primaryType="nt:unstructured"
                isDefault="false"/>
        </node5_x0023_node7>
        <node7_x0023_node8
            jcr:primaryType="cq:WorkflowTransition"
            from="node7"
            rule=""
            to="node8">
            <metaData jcr:primaryType="nt:unstructured"/>
        </node7_x0023_node8>
        <node8_x0023_node9
            jcr:primaryType="cq:WorkflowTransition"
            from="node8"
            rule=""
            to="node9">
            <metaData jcr:primaryType="nt:unstructured"/>
        </node8_x0023_node9>
        <node9_x0023_node10
            jcr:primaryType="cq:WorkflowTransition"
            from="node9"
            to="node10">
            <metaData jcr:primaryType="nt:unstructured"/>
        </node9_x0023_node10>
        <node10_x0023_node12
            jcr:primaryType="cq:WorkflowTransition"
            from="node10"
            rule=""
            to="node12">
            <metaData
                jcr:primaryType="nt:unstructured"
                isDefault="false"/>
        </node10_x0023_node12>
        <node12_x0023_node13
            jcr:primaryType="cq:WorkflowTransition"
            from="node12"
            rule=""
            to="node13">
            <metaData jcr:primaryType="nt:unstructured"/>
        </node12_x0023_node13>
        <node13_x0023_node14
            jcr:primaryType="cq:WorkflowTransition"
            from="node13"
            rule=""
            to="node14">
            <metaData jcr:primaryType="nt:unstructured"/>
        </node13_x0023_node14>
        <node14_x0023_node11
            jcr:primaryType="cq:WorkflowTransition"
            from="node14"
            to="node11">
            <metaData jcr:primaryType="nt:unstructured"/>
        </node14_x0023_node11>
        <node10_x0023_node15
            jcr:primaryType="cq:WorkflowTransition"
            from="node10"
            rule=""
            to="node15">
            <metaData
                jcr:primaryType="nt:unstructured"
                isDefault="false"/>
        </node10_x0023_node15>
        <node15_x0023_node11
            jcr:primaryType="cq:WorkflowTransition"
            from="node15"
            to="node11">
            <metaData jcr:primaryType="nt:unstructured"/>
        </node15_x0023_node11>
        <node11_x0023_node16
            jcr:primaryType="cq:WorkflowTransition"
            from="node11"
            rule=""
            to="node16">
            <metaData jcr:primaryType="nt:unstructured"/>
        </node11_x0023_node16>
        <node16_x0023_node17
            jcr:primaryType="cq:WorkflowTransition"
            from="node16"
            rule=""
            to="node17">
            <metaData jcr:primaryType="nt:unstructured"/>
        </node16_x0023_node17>
        <node17_x0023_node18
            jcr:primaryType="cq:WorkflowTransition"
            from="node17"
            to="node18">
            <metaData jcr:primaryType="nt:unstructured"/>
        </node17_x0023_node18>
        <node18_x0023_node20
            jcr:primaryType="cq:WorkflowTransition"
            from="node18"
            rule="function check(){ &#xa;&#xa;return workflowData.getMetaDataMap().get(&quot;group1&quot;, &quot;false&quot;) == &quot;false&quot;?false:true; &#xa;&#xa;} "
            to="node20">
            <metaData
                jcr:primaryType="nt:unstructured"
                isDefault="false"/>
        </node18_x0023_node20>
        <node20_x0023_node21
            jcr:primaryType="cq:WorkflowTransition"
            from="node20"
            rule=""
            to="node21">
            <metaData jcr:primaryType="nt:unstructured"/>
        </node20_x0023_node21>
        <node21_x0023_node22
            jcr:primaryType="cq:WorkflowTransition"
            from="node21"
            rule=""
            to="node22">
            <metaData jcr:primaryType="nt:unstructured"/>
        </node21_x0023_node22>
        <node22_x0023_node19
            jcr:primaryType="cq:WorkflowTransition"
            from="node22"
            to="node19">
            <metaData jcr:primaryType="nt:unstructured"/>
        </node22_x0023_node19>
        <node18_x0023_node23
            jcr:primaryType="cq:WorkflowTransition"
            from="node18"
            rule=""
            to="node23">
            <metaData
                jcr:primaryType="nt:unstructured"
                isDefault="false"/>
        </node18_x0023_node23>
        <node23_x0023_node19
            jcr:primaryType="cq:WorkflowTransition"
            from="node23"
            to="node19">
            <metaData jcr:primaryType="nt:unstructured"/>
        </node23_x0023_node19>
        <node19_x0023_node24
            jcr:primaryType="cq:WorkflowTransition"
            from="node19"
            rule=""
            to="node24">
            <metaData jcr:primaryType="nt:unstructured"/>
        </node19_x0023_node24>
        <node24_x0023_node25
            jcr:primaryType="cq:WorkflowTransition"
            from="node24"
            to="node25">
            <metaData jcr:primaryType="nt:unstructured"/>
        </node24_x0023_node25>
        <node25_x0023_node27
            jcr:primaryType="cq:WorkflowTransition"
            from="node25"
            rule="function check(){&#xa;return true;&#xa;}"
            to="node27">
            <metaData
                jcr:primaryType="nt:unstructured"
                isDefault="false"/>
        </node25_x0023_node27>
        <node27_x0023_node28
            jcr:primaryType="cq:WorkflowTransition"
            from="node27"
            rule=""
            to="node28">
            <metaData jcr:primaryType="nt:unstructured"/>
        </node27_x0023_node28>
        <node28_x0023_node29
            jcr:primaryType="cq:WorkflowTransition"
            from="node28"
            rule=""
            to="node29">
            <metaData jcr:primaryType="nt:unstructured"/>
        </node28_x0023_node29>
        <node29_x0023_node30
            jcr:primaryType="cq:WorkflowTransition"
            from="node29"
            rule=""
            to="node30">
            <metaData jcr:primaryType="nt:unstructured"/>
        </node29_x0023_node30>
        <node30_x0023_node31
            jcr:primaryType="cq:WorkflowTransition"
            from="node30"
            rule=""
            to="node31">
            <metaData jcr:primaryType="nt:unstructured"/>
        </node30_x0023_node31>
        <node31_x0023_node32
            jcr:primaryType="cq:WorkflowTransition"
            from="node31"
            rule=""
            to="node32">
            <metaData jcr:primaryType="nt:unstructured"/>
        </node31_x0023_node32>
        <node32_x0023_node33
            jcr:primaryType="cq:WorkflowTransition"
            from="node32"
            rule=""
            to="node33">
            <metaData jcr:primaryType="nt:unstructured"/>
        </node32_x0023_node33>
        <node33_x0023_node34
            jcr:primaryType="cq:WorkflowTransition"
            from="node33"
            rule=""
            to="node34">
            <metaData jcr:primaryType="nt:unstructured"/>
        </node33_x0023_node34>
        <node34_x0023_node26
            jcr:primaryType="cq:WorkflowTransition"
            from="node34"
            to="node26">
            <metaData jcr:primaryType="nt:unstructured"/>
        </node34_x0023_node26>
        <node25_x0023_node35
            jcr:primaryType="cq:WorkflowTransition"
            from="node25"
            rule="function check(){&#xa;return true;&#xa;}"
            to="node35">
            <metaData
                jcr:primaryType="nt:unstructured"
                isDefault="false"/>
        </node25_x0023_node35>
        <node35_x0023_node36
            jcr:primaryType="cq:WorkflowTransition"
            from="node35"
            rule=""
            to="node36">
            <metaData jcr:primaryType="nt:unstructured"/>
        </node35_x0023_node36>
        <node36_x0023_node37
            jcr:primaryType="cq:WorkflowTransition"
            from="node36"
            rule=""
            to="node37">
            <metaData jcr:primaryType="nt:unstructured"/>
        </node36_x0023_node37>
        <node37_x0023_node26
            jcr:primaryType="cq:WorkflowTransition"
            from="node37"
            to="node26">
            <metaData jcr:primaryType="nt:unstructured"/>
        </node37_x0023_node26>
        <node26_x0023_node6
            jcr:primaryType="cq:WorkflowTransition"
            from="node26"
            to="node6">
            <metaData jcr:primaryType="nt:unstructured"/>
        </node26_x0023_node6>
        <node5_x0023_node38
            jcr:primaryType="cq:WorkflowTransition"
            from="node5"
            rule="function check(){&#xa;return true;&#xa;}"
            to="node38">
            <metaData
                jcr:primaryType="nt:unstructured"
                isDefault="false"/>
        </node5_x0023_node38>
        <node38_x0023_node39
            jcr:primaryType="cq:WorkflowTransition"
            from="node38"
            rule=""
            to="node39">
            <metaData jcr:primaryType="nt:unstructured"/>
        </node38_x0023_node39>
        <node39_x0023_node40
            jcr:primaryType="cq:WorkflowTransition"
            from="node39"
            rule=""
            to="node40">
            <metaData jcr:primaryType="nt:unstructured"/>
        </node39_x0023_node40>
        <node40_x0023_node6
            jcr:primaryType="cq:WorkflowTransition"
            from="node40"
            to="node6">
            <metaData jcr:primaryType="nt:unstructured"/>
        </node40_x0023_node6>
        <node6_x0023_node41
            jcr:primaryType="cq:WorkflowTransition"
            from="node6"
            to="node41">
            <metaData jcr:primaryType="nt:unstructured"/>
        </node6_x0023_node41>
    </transitions>
</jcr:root>
