<?xml version="1.0" encoding="UTF-8"?>
<jcr:root xmlns:sling="http://sling.apache.org/jcr/sling/1.0" xmlns:granite="http://www.adobe.com/jcr/granite/1.0" xmlns:cq="http://www.day.com/jcr/cq/1.0" xmlns:jcr="http://www.jcp.org/jcr/1.0" xmlns:nt="http://www.jcp.org/jcr/nt/1.0"
    jcr:primaryType="nt:unstructured"
    jcr:title="Text Image"
    sling:resourceType="cq/gui/components/authoring/dialog"
    helpPath="en/cq/current/wcm/default_components.html#Text Image">
    <content
        jcr:primaryType="nt:unstructured"
        sling:resourceType="granite/ui/components/coral/foundation/tabs">
        <items
            jcr:primaryType="nt:unstructured"
            sling:resourceType="granite/ui/components/foundation/container">
            <text
                jcr:primaryType="nt:unstructured"
                jcr:title="Text"
                sling:resourceType="granite/ui/components/foundation/section">
                <layout
                    jcr:primaryType="nt:unstructured"
                    sling:resourceType="granite/ui/components/foundation/layouts/fixedcolumns"
                    margin="{Boolean}false"/>
                <items jcr:primaryType="nt:unstructured">
                    <column
                        granite:class="coral-RichText-FixedColumn-column"
                        jcr:primaryType="nt:unstructured"
                        sling:resourceType="granite/ui/components/foundation/container">
                        <items jcr:primaryType="nt:unstructured">
                            <text
                                jcr:primaryType="nt:unstructured"
                                sling:resourceType="cq/gui/components/authoring/dialog/richtext"
                                name="./text"
                                useFixedInlineToolbar="{Boolean}true">
                                <rtePlugins
                                    jcr:primaryType="nt:unstructured"
                                    sling:resourceSuperType="/apps/amica-digital/components/commons/rte_configs/rtePlugins"/>
                                <htmlRules
                                    jcr:primaryType="nt:unstructured"
                                    sling:resourceSuperType="/apps/amica-digital/components/commons/rte_configs/htmlRules"/>
                                <uiSettings
                                    jcr:primaryType="nt:unstructured"
                                    sling:resourceSuperType="/apps/amica-digital/components/commons/rte_configs/uiSettings"/>
                            </text>
                        </items>
                    </column>
                </items>
            </text>
            <image
                jcr:primaryType="nt:unstructured"
                jcr:title="Image Properties"
                sling:resourceType="granite/ui/components/foundation/section">
                <layout
                    jcr:primaryType="nt:unstructured"
                    sling:resourceType="granite/ui/components/foundation/layouts/fixedcolumns"
                    margin="{Boolean}false"/>
                <items jcr:primaryType="nt:unstructured">
                    <column
                        jcr:primaryType="nt:unstructured"
                        sling:resourceType="granite/ui/components/foundation/container">
                        <items jcr:primaryType="nt:unstructured">
                            <file
                                jcr:primaryType="nt:unstructured"
                                sling:resourceType="cq/gui/components/authoring/dialog/fileupload"
                                allowUpload="{Boolean}false"
                                autoStart="{Boolean}false"
                                class="cq-droptarget"
                                fieldLabel="Image asset"
                                fileNameParameter="./fileName"
                                fileReferenceParameter="./fileReference"
                                mimeTypes="[image]"
                                multiple="{Boolean}false"
                                name="./file"
                                title="Upload Image Asset"
                                uploadUrl="${suffix.path}"
                                useHTML5="{Boolean}true"/>
                            <alert
                                jcr:primaryType="nt:unstructured"
                                sling:resourceType="granite/ui/components/coral/foundation/form/checkbox"
                                fieldLabel="Alert or Not"
                                name="./alert"
                                text="Alert"
                                uncheckedValue="false"
                                value="{Boolean}true"/>
                            <tooltip
                                jcr:primaryType="nt:unstructured"
                                sling:resourceType="granite/ui/components/foundation/form/textfield"
                                fieldLabel="Tooltip"
                                name="./jcr:title"/>
                            <alt
                                jcr:primaryType="nt:unstructured"
                                sling:resourceType="granite/ui/components/foundation/form/textfield"
                                fieldDescription="(leave empty to use the title defined above)"
                                fieldLabel="Alt Text"
                                name="./alt"/>
		                   	<linkType
				                 jcr:primaryType="nt:unstructured"
				                 sling:resourceType="granite/ui/components/foundation/include"
				                 path="/apps/amica-digital/components/content/link_list_component/cq:dialog/content/items/tabs/items/Basic/items/column/items/linkType"/>
				           	<directorContainer
				                 jcr:primaryType="nt:unstructured"
				                 sling:resourceType="granite/ui/components/foundation/include"
				                 path="/apps/amica-digital/components/content/link_list_component/cq:dialog/content/items/tabs/items/Basic/items/column/items/directorContainer"/>
				           	<linkContainer
				                 jcr:primaryType="nt:unstructured"
				                 sling:resourceType="granite/ui/components/foundation/include"
				                 path="/apps/amica-digital/components/content/link_list_component/cq:dialog/content/items/tabs/items/Basic/items/column/items/linkContainer"/>                                  
                            <targetWindow
                                jcr:primaryType="nt:unstructured"
                                sling:resourceType="granite/ui/components/coral/foundation/form/checkbox"
                                fieldDescription="When checked, the link will be opened in new window."
                                name="./newWindow"
                                text="Open in New Window"
                                uncheckedValue="false"
                                value="{Boolean}true"/>
                            <size
                                jcr:primaryType="nt:unstructured"
                                sling:resourceType="cq/gui/components/authoring/dialog/sizefield"
                                fieldLabel="Size (px)">
                                <width
                                    jcr:primaryType="nt:unstructured"
                                    sling:resourceType="granite/ui/components/foundation/form/numberfield"
                                    emptyText="Width"
                                    name="./width"/>
                                <height
                                    jcr:primaryType="nt:unstructured"
                                    sling:resourceType="granite/ui/components/foundation/form/numberfield"
                                    emptyText="Height"
                                    name="./height"/>
                            </size>
                            <resType
                                jcr:primaryType="nt:unstructured"
                                sling:resourceType="granite/ui/components/foundation/form/hidden"
                                name="./image/sling:resourceType"
                                value="foundation/components/image"/>
                            <analyticsInput
                            	jcr:primaryType="nt:unstructured"
                               	sling:resourceType="granite/ui/components/foundation/include"
                              	path="/apps/amica-digital/components/commons/analytics_input/analytics_input_container"/>
                        </items>
                    </column>
                </items>
            </image>
            <styles
                jcr:primaryType="nt:unstructured"
                jcr:title="Styles"
                sling:resourceType="granite/ui/components/coral/foundation/fixedcolumns">
                <items jcr:primaryType="nt:unstructured">
                    <column
                        jcr:primaryType="nt:unstructured"
                        sling:resourceType="granite/ui/components/foundation/container">
                        <items jcr:primaryType="nt:unstructured">
		                     <defaultTopMargin
                                jcr:primaryType="nt:unstructured"
                                sling:resourceType="granite/ui/components/coral/foundation/form/checkbox"
                                fieldDescription="When checked, default margin will be added at the Top of the component."
                                name="./defaultTopMargin"
                                text="Default Margin at Top "
                                uncheckedValue="false"
                                value="{Boolean}true"/>
		                     <defaultBottomMargin
                                jcr:primaryType="nt:unstructured"
                                sling:resourceType="granite/ui/components/coral/foundation/form/checkbox"
                                fieldDescription="When checked, default margin will be added at the Bottom of the component."
                                name="./defaultBottomMargin"
                                text="Default Margin at bottom "
                                uncheckedValue="false"
                                value="{Boolean}true"/>
                            <alignment
                                jcr:primaryType="nt:unstructured"
                                sling:resourceType="granite/ui/components/coral/foundation/form/select"
                                fieldLabel="Image Position"
                                name="./alignment"
                                value="float-left">
                                <items jcr:primaryType="nt:unstructured">
                                    <left
                                        jcr:primaryType="nt:unstructured"
                                        text="Left"
                                        value="float-left"/>
                                    <center
                                        jcr:primaryType="nt:unstructured"
                                        text="Center"
                                        value="text-center"/>                                        
                                    <right
                                        jcr:primaryType="nt:unstructured"
                                        text="Right"
                                        value="float-right"/>
                                </items>
                            </alignment>
                            <leftspacer
                                jcr:primaryType="nt:unstructured"
                                sling:resourceType="granite/ui/components/coral/foundation/form/select"
                                fieldLabel="Left Image Padding"
                                name="./leftSpacer"
                                value="none">
                                <items jcr:primaryType="nt:unstructured">
                                    <padLeft_0
                                        jcr:primaryType="nt:unstructured"
                                        text="None (Default)"
                                        value="padLeft_0"/>
                                    <padLeft_8
                                        jcr:primaryType="nt:unstructured"
                                        text="8 px"
                                        value="padLeft_8"/>
                                    <padLeft_16
                                        jcr:primaryType="nt:unstructured"
                                        text="16 px"
                                        value="padLeft_16"/>
                                    <padLeft_24
                                        jcr:primaryType="nt:unstructured"
                                        text="24 px"
                                        value="padLeft_24"/>
                                    <padLeft_32
                                        jcr:primaryType="nt:unstructured"
                                        text="32 px"
                                        value="padLeft_32"/>
                                    <padLeft_40
                                        jcr:primaryType="nt:unstructured"
                                        text="40 px"
                                        value="padLeft_40"/>
                                </items>
                            </leftspacer>
                            <rightspacer
                                jcr:primaryType="nt:unstructured"
                                sling:resourceType="granite/ui/components/coral/foundation/form/select"
                                fieldLabel="Right Image Padding"
                                name="./rightSpacer"
                                value="none">
                                <items jcr:primaryType="nt:unstructured">
                                    <padRight_0
                                        jcr:primaryType="nt:unstructured"
                                        text="None (Default)"
                                        value="padRight_0"/>
                                    <padRight_8
                                        jcr:primaryType="nt:unstructured"
                                        text="8 px"
                                        value="padRight_8"/>
                                    <padRight_16
                                        jcr:primaryType="nt:unstructured"
                                        text="16 px"
                                        value="padRight_16"/>
                                    <padRight_24
                                        jcr:primaryType="nt:unstructured"
                                        text="24 px"
                                        value="padRight_24"/>
                                    <padRight_32
                                        jcr:primaryType="nt:unstructured"
                                        text="32 px"
                                        value="padRight_32"/>
                                    <padRight_40
                                        jcr:primaryType="nt:unstructured"
                                        text="40 px"
                                        value="padRight_40"/>
                                </items>
                            </rightspacer>
                            <downspacer
                                jcr:primaryType="nt:unstructured"
                                sling:resourceType="granite/ui/components/coral/foundation/form/select"
                                fieldLabel="Bottom Image Padding"
                                name="./downSpacer"
                                value="padBottom_8">
                                <items jcr:primaryType="nt:unstructured">
                                    <padBottom_0
                                        jcr:primaryType="nt:unstructured"
                                        text="None"
                                        value="padBottom_0"/>
                                    <padBottom_8
                                        jcr:primaryType="nt:unstructured"
                                        text="8 px (Default)"
                                        value="padBottom_8"/>
                                    <padBottom_16
                                        jcr:primaryType="nt:unstructured"
                                        text="16 px"
                                        value="padBottom_16"/>
                                    <padBottom_24
                                        jcr:primaryType="nt:unstructured"
                                        text="24 px"
                                        value="padBottom_24"/>
                                    <padBottom_32
                                        jcr:primaryType="nt:unstructured"
                                        text="32 px"
                                        value="padBottom_32"/>
                                    <padBottom_40
                                        jcr:primaryType="nt:unstructured"
                                        text="40 px"
                                        value="padBottom_40"/>
                                </items>
                            </downspacer>                           
                        </items>
                    </column>
                </items>
            </styles>
        </items>
    </content>
</jcr:root>
