<?xml version="1.0" encoding="UTF-8"?>
<jcr:root xmlns:sling="http://sling.apache.org/jcr/sling/1.0" xmlns:cq="http://www.day.com/jcr/cq/1.0" xmlns:jcr="http://www.jcp.org/jcr/1.0" xmlns:nt="http://www.jcp.org/jcr/nt/1.0"
   xmlns:granite="http://www.adobe.com/jcr/granite/1.0"  
    jcr:primaryType="nt:unstructured"
    jcr:title="Local Navigation"
    sling:resourceType="cq/gui/components/authoring/dialog">
    <content
        jcr:primaryType="nt:unstructured"
        sling:resourceType="granite/ui/components/foundation/container">
        <items jcr:primaryType="nt:unstructured">
            <tabs
                jcr:primaryType="nt:unstructured"
                sling:resourceType="granite/ui/components/coral/foundation/tabs"
                maximized="{Boolean}true">
            	<items jcr:primaryType="nt:unstructured">
            	  <Basic
                        jcr:primaryType="nt:unstructured"
                        jcr:title="Basic"
                        sling:resourceType="granite/ui/components/coral/foundation/fixedcolumns"
                        margin="{Boolean}false">
                        <items jcr:primaryType="nt:unstructured">
                        <column
                            jcr:primaryType="nt:unstructured"
                            sling:resourceType="granite/ui/components/coral/foundation/container">
                            <items jcr:primaryType="nt:unstructured">
                            <dropdownText
                                jcr:primaryType="nt:unstructured"
                                sling:resourceType="granite/ui/components/coral/foundation/form/textfield"
                                fieldLabel="Title"
                                name="./dropdownText"/>                            
                            <analyticsInput
                            	jcr:primaryType="nt:unstructured"
                               	sling:resourceType="granite/ui/components/foundation/include"
                              	path="/apps/amica-digital/components/commons/analytics_input/analytics_input_container"/>
                            <columnSize
                                jcr:primaryType="nt:unstructured"
                                sling:resourceType="granite/ui/components/coral/foundation/form/select"
                                fieldLabel="Sub Menu Style"
                                name="./columns"
                                value="0">
                                <items jcr:primaryType="nt:unstructured">
                                    <none
                                        jcr:primaryType="nt:unstructured"
                                        text="0"
                                        value="zero"/>
                                    <one
                                        jcr:primaryType="nt:unstructured"
                                        text="1"
                                        value="column1"/>
                                    <two
                                        jcr:primaryType="nt:unstructured"
                                        text="2"
                                        value="column2"/>
                                    <three
                                        jcr:primaryType="nt:unstructured"
                                        text="3"
                                        value="column3"/>
                                    <four
                                        jcr:primaryType="nt:unstructured"
                                        text="4"
                                        value="column4"/>
                                </items>
                            </columnSize>      
                             </items>
                            </column>
                       </items>     		
               		</Basic>
             	<column1
                	jcr:primaryType="nt:unstructured"
                	jcr:title="Column 1"
                	sling:resourceType="granite/ui/components/coral/foundation/fixedcolumns">
                	<items jcr:primaryType="nt:unstructured">
                    	<column
                        	jcr:primaryType="nt:unstructured"
                        	sling:resourceType="granite/ui/components/foundation/container">
                        	<items jcr:primaryType="nt:unstructured">
                        		<multifield
	                                jcr:primaryType="nt:unstructured"
	                                sling:resourceType="granite/ui/components/coral/foundation/form/multifield"
	                                composite="{Boolean}true"
	                                fieldDescription="Click Add button to add/author a new page"
	                                name="./multiCol">
	                                <field
	                                    jcr:primaryType="nt:unstructured"
	                                    sling:resourceType="granite/ui/components/coral/foundation/container"
	                                    name="./items1">
	                                    <items jcr:primaryType="nt:unstructured">
	               							<localNavLinks
		                         				jcr:primaryType="nt:unstructured"
		                            			sling:resourceType="granite/ui/components/foundation/include"
		                           				path="/apps/amica-digital/components/commons/local_nav_links/local_nav_links_container"/>
	                         			</items>
	                          		</field>
                                </multifield>		                    
                     		</items>
                    	</column>
                	</items>
            	</column1>
            	<column2
                	jcr:primaryType="nt:unstructured"
                	jcr:title="Column 2"
                	sling:resourceType="granite/ui/components/coral/foundation/fixedcolumns">
                	<items jcr:primaryType="nt:unstructured">
                    	<column
                        	jcr:primaryType="nt:unstructured"
                        	sling:resourceType="granite/ui/components/foundation/container">
                        	<items jcr:primaryType="nt:unstructured">
                        		<multifield
	                                jcr:primaryType="nt:unstructured"
	                                sling:resourceType="granite/ui/components/coral/foundation/form/multifield"
	                                composite="{Boolean}true"
	                                fieldDescription="Click Add button to add/author a new page"
	                                name="./multiCol">
	                                <field
	                                    jcr:primaryType="nt:unstructured"
	                                    sling:resourceType="granite/ui/components/coral/foundation/container"
	                                    name="./items2">
	                                    <items jcr:primaryType="nt:unstructured">
	               							<localNavLinks
		                         				jcr:primaryType="nt:unstructured"
		                            			sling:resourceType="granite/ui/components/foundation/include"
		                           				path="/apps/amica-digital/components/commons/local_nav_links/local_nav_links_container"/>
	                         			</items>
	                          		</field>
                                </multifield>                	
                     		</items>
                    	</column>
                	</items>
            	</column2>  
            	<column3
                	jcr:primaryType="nt:unstructured"
                	jcr:title="Column 3"
                	sling:resourceType="granite/ui/components/coral/foundation/fixedcolumns">
                	<items jcr:primaryType="nt:unstructured">
                    	<column
                        	jcr:primaryType="nt:unstructured"
                        	sling:resourceType="granite/ui/components/foundation/container">
                        	<items jcr:primaryType="nt:unstructured">
                        		<multifield
	                                jcr:primaryType="nt:unstructured"
	                                sling:resourceType="granite/ui/components/coral/foundation/form/multifield"
	                                composite="{Boolean}true"
	                                fieldDescription="Click Add button to add/author a new page"
	                                name="./multiCol">
	                                <field
	                                    jcr:primaryType="nt:unstructured"
	                                    sling:resourceType="granite/ui/components/coral/foundation/container"
	                                    name="./items3">
	                                    <items jcr:primaryType="nt:unstructured">
	               							<localNavLinks
		                         				jcr:primaryType="nt:unstructured"
		                            			sling:resourceType="granite/ui/components/foundation/include"
		                           				path="/apps/amica-digital/components/commons/local_nav_links/local_nav_links_container"/>
	                         			</items>
	                          		</field>
                                </multifield>            	
                     		</items>
                    	</column>
                	</items>
            	</column3> 
            	<column4
                	jcr:primaryType="nt:unstructured"
                	jcr:title="Column 4"
                	sling:resourceType="granite/ui/components/coral/foundation/fixedcolumns">
                	<items jcr:primaryType="nt:unstructured">
                    	<column
                        	jcr:primaryType="nt:unstructured"
                        	sling:resourceType="granite/ui/components/foundation/container">
                        	<items jcr:primaryType="nt:unstructured">
                        		<multifield
	                                jcr:primaryType="nt:unstructured"
	                                sling:resourceType="granite/ui/components/coral/foundation/form/multifield"
	                                composite="{Boolean}true"
	                                fieldDescription="Click Add button to add/author a new page"
	                                name="./multiCol">
	                                <field
	                                    jcr:primaryType="nt:unstructured"
	                                    sling:resourceType="granite/ui/components/coral/foundation/container"
	                                    name="./items4">
	                                    <items jcr:primaryType="nt:unstructured">
	               							<localNavLinks
		                         				jcr:primaryType="nt:unstructured"
		                            			sling:resourceType="granite/ui/components/foundation/include"
		                           				path="/apps/amica-digital/components/commons/local_nav_links/local_nav_links_container"/>
	                         			</items>
	                          		</field>
                                </multifield>                 	
                     		</items>
                    	</column>
                	</items>
            	</column4>
               </items>
            </tabs>
        </items>
    </content>
</jcr:root>