<?xml version="1.0" encoding="UTF-8"?>
<jcr:root xmlns:sling="http://sling.apache.org/jcr/sling/1.0" xmlns:cq="http://www.day.com/jcr/cq/1.0" xmlns:jcr="http://www.jcp.org/jcr/1.0" xmlns:nt="http://www.jcp.org/jcr/nt/1.0"
    jcr:isCheckedOut="{Boolean}false"
    jcr:primaryType="cq:WorkflowModel"
    jcr:uuid="c55a0dfb-33d1-4ca6-80ad-412b4da96364"
    sling:resourceType="cq/workflow/components/model"
    description="No Description"
    title="Amica Value - Page Maintenance">
    <metaData
        cq:lastModified="{Long}1395150018449"
        cq:lastModifiedBy="A16194"
        jcr:primaryType="nt:unstructured"/>
    <nodes jcr:primaryType="nt:unstructured">
        <node0
            jcr:primaryType="cq:WorkflowNode"
            title="Start"
            type="START">
            <metaData jcr:primaryType="nt:unstructured"/>
        </node0>
        <node1
            jcr:primaryType="cq:WorkflowNode"
            description="page approval"
            title="Marketing"
            type="PARTICIPANT">
            <metaData
                jcr:primaryType="nt:unstructured"
                DO_NOTIFY="true"
                PARTICIPANT="amica-value-marketing"/>
        </node1>
        <node2
            jcr:primaryType="cq:WorkflowNode"
            description="approve to the page content"
            title="Corp Comm"
            type="PARTICIPANT">
            <metaData
                jcr:primaryType="nt:unstructured"
                DO_NOTIFY="true"
                PARTICIPANT="corp-comm"/>
        </node2>
        <node3
            jcr:primaryType="cq:WorkflowNode"
            description="To add/check coremetrics"
            title="Marketing Research"
            type="PARTICIPANT">
            <metaData
                jcr:primaryType="nt:unstructured"
                DO_NOTIFY="true"
                PARTICIPANT="marketing-research"/>
        </node3>
        <node4
            jcr:primaryType="cq:WorkflowNode"
            description="approve to publish the page"
            title="Authors"
            type="PARTICIPANT">
            <metaData
                jcr:primaryType="nt:unstructured"
                DO_NOTIFY="true"
                PARTICIPANT="amica-value-authors"/>
        </node4>
        <node5
            jcr:primaryType="cq:WorkflowNode"
            description="A process to activate a page or asset"
            title="Activate Page/Asset"
            type="PROCESS">
            <metaData
                jcr:primaryType="nt:unstructured"
                PROCESS="com.day.cq.wcm.workflow.process.ActivatePageProcess"
                PROCESS_AUTO_ADVANCE="true"
                replicateAsParticipant="true"/>
        </node5>
        <node6
            jcr:primaryType="cq:WorkflowNode"
            title="End"
            type="END">
            <metaData jcr:primaryType="nt:unstructured"/>
        </node6>
    </nodes>
    <transitions jcr:primaryType="nt:unstructured">
        <node0_x0023_node1
            jcr:primaryType="cq:WorkflowTransition"
            from="node0"
            rule=""
            to="node1">
            <metaData jcr:primaryType="nt:unstructured"/>
        </node0_x0023_node1>
        <node1_x0023_node2
            jcr:primaryType="cq:WorkflowTransition"
            from="node1"
            rule=""
            to="node2">
            <metaData jcr:primaryType="nt:unstructured"/>
        </node1_x0023_node2>
        <node2_x0023_node3
            jcr:primaryType="cq:WorkflowTransition"
            from="node2"
            rule=""
            to="node3">
            <metaData jcr:primaryType="nt:unstructured"/>
        </node2_x0023_node3>
        <node3_x0023_node4
            jcr:primaryType="cq:WorkflowTransition"
            from="node3"
            rule=""
            to="node4">
            <metaData jcr:primaryType="nt:unstructured"/>
        </node3_x0023_node4>
        <node4_x0023_node5
            jcr:primaryType="cq:WorkflowTransition"
            from="node4"
            rule=""
            to="node5">
            <metaData jcr:primaryType="nt:unstructured"/>
        </node4_x0023_node5>
        <node5_x0023_node6
            jcr:primaryType="cq:WorkflowTransition"
            from="node5"
            to="node6">
            <metaData jcr:primaryType="nt:unstructured"/>
        </node5_x0023_node6>
    </transitions>
</jcr:root>
