<?xml version="1.0" encoding="UTF-8"?>
<jcr:root xmlns:sling="http://sling.apache.org/jcr/sling/1.0" xmlns:granite="http://www.adobe.com/jcr/granite/1.0" xmlns:cq="http://www.day.com/jcr/cq/1.0" xmlns:jcr="http://www.jcp.org/jcr/1.0" xmlns:nt="http://www.jcp.org/jcr/nt/1.0"
    jcr:primaryType="nt:unstructured"
    jcr:title="Return to Your Account"
    sling:resourceType="cq/gui/components/authoring/dialog">
    <content
        jcr:primaryType="nt:unstructured"
        sling:resourceType="granite/ui/components/foundation/container">
        <items jcr:primaryType="nt:unstructured">
            <returnToYourAccount
                jcr:primaryType="nt:unstructured"
                jcr:title="Return To Your Account"
                sling:resourceType="granite/ui/components/foundation/section"
                margin="{Boolean}false"
                name="./returnToYourAccount">
                <items jcr:primaryType="nt:unstructured">
                    <column
                        jcr:primaryType="nt:unstructured"
                        sling:resourceType="granite/ui/components/foundation/container">
                        <items jcr:primaryType="nt:unstructured">
                            <text
                                jcr:primaryType="nt:unstructured"
                                sling:resourceType="granite/ui/components/foundation/form/textfield"
                                fieldLabel="Text"
                                name="./text"/>
                            <linkText
                                jcr:primaryType="nt:unstructured"
                                sling:resourceType="granite/ui/components/foundation/form/textfield"
                                fieldLabel="Link Text"
                                name="./linkText"/>
                            <linkType
								jcr:primaryType="nt:unstructured"
								sling:resourceType="granite/ui/components/foundation/include"
								path="/apps/amica-digital/components/content/link_list_component/cq:dialog/content/items/tabs/items/Basic/items/column/items/linkType"/>
							<directorContainer
								jcr:primaryType="nt:unstructured"
								sling:resourceType="granite/ui/components/foundation/include"
								path="/apps/amica-digital/components/content/link_list_component/cq:dialog/content/items/tabs/items/Basic/items/column/items/directorContainer"/>
							<linkContainer
								jcr:primaryType="nt:unstructured"
								sling:resourceType="granite/ui/components/foundation/include"
								path="/apps/amica-digital/components/content/link_list_component/cq:dialog/content/items/tabs/items/Basic/items/column/items/linkContainer"/>
                            <targetWindow
                                jcr:primaryType="nt:unstructured"
                                sling:resourceType="granite/ui/components/coral/foundation/form/checkbox"
                                fieldDescription="When checked, the link will be opened in new window."
                                name="./newWindow"
                                text="Open in New Window"
                                uncheckedValue="false"
                                value="{Boolean}true"/>
                            <analyticsInput
                            	jcr:primaryType="nt:unstructured"
                               	sling:resourceType="granite/ui/components/foundation/include"
                              	path="/apps/amica-digital/components/commons/analytics_input/analytics_input_container"/>
                        </items>
                    </column>
                </items>
            </returnToYourAccount>
        </items>
    </content>
</jcr:root>
