<?xml version="1.0" encoding="UTF-8"?>
<jcr:root xmlns:sling="http://sling.apache.org/jcr/sling/1.0" xmlns:cq="http://www.day.com/jcr/cq/1.0" xmlns:jcr="http://www.jcp.org/jcr/1.0" xmlns:nt="http://www.jcp.org/jcr/nt/1.0"
   xmlns:granite="http://www.adobe.com/jcr/granite/1.0"  
    jcr:primaryType="nt:unstructured"
    jcr:title="Link List Component"
    sling:resourceType="cq/gui/components/authoring/dialog">
    <content
        jcr:primaryType="nt:unstructured"
        sling:resourceType="granite/ui/components/foundation/container">
        <items jcr:primaryType="nt:unstructured">
            <tabs
                jcr:primaryType="nt:unstructured"
                sling:resourceType="granite/ui/components/coral/foundation/tabs"
                maximized="{Boolean}true">
                <items jcr:primaryType="nt:unstructured">
            	  <Basic
                        jcr:primaryType="nt:unstructured"
                        jcr:title="Basic"
                        sling:resourceType="granite/ui/components/coral/foundation/fixedcolumns"
                        margin="{Boolean}false">
                        <items jcr:primaryType="nt:unstructured">
                        <column
                            jcr:primaryType="nt:unstructured"
                            sling:resourceType="granite/ui/components/coral/foundation/container">
                            <items jcr:primaryType="nt:unstructured">
                            <linkTitle
                                jcr:primaryType="nt:unstructured"
                                sling:resourceType="granite/ui/components/foundation/form/textfield"
                                fieldDescription="Add title here."
                                fieldLabel="Title"
                                name="./title"/>
                             <icon
							      jcr:primaryType="nt:unstructured"
							      fieldLabel="Icon" 
							      name="./icon"
							      sling:resourceType="acs-commons/components/authoring/graphiciconselect">
							      <datasource 
								      jcr:primaryType="nt:unstructured"
								      path="/etc/acs-commons/lists/amica-font-icons"
								      sling:resourceType="acs-commons/components/utilities/genericlist/datasource"/>
							</icon>
                            <linkType
                                granite:class="cq-dialog-dropdown-showhide"
                                jcr:primaryType="nt:unstructured"
                                sling:resourceType="granite/ui/components/coral/foundation/form/select"
                                fieldLabel="Link To"
                                name="./linkType"
                                value="none">
                                <granite:data
                                    jcr:primaryType="nt:unstructured"
                                    cq-dialog-dropdown-showhide-target=".text-showhide-target"/>
                                <items jcr:primaryType="nt:unstructured">
                                	<none
                                        jcr:primaryType="nt:unstructured"
                                        text="None"
                                        value="none"/>
                                    <directLink
                                        jcr:primaryType="nt:unstructured"
                                        text="Web URL"
                                        value="weburl"/>
                                    <directorLink
                                        jcr:primaryType="nt:unstructured"
                                        text="Director Link"
                                        value="directorLink"/>
                                </items>
                            </linkType>
                            <directorContainer
                                granite:class="hide text-showhide-target"
                                jcr:primaryType="nt:unstructured"
                                sling:resourceType="granite/ui/components/coral/foundation/container">
                                <granite:data
                                    jcr:primaryType="nt:unstructured"
                                    showhidetargetvalue="directorLink"/>
                                <items jcr:primaryType="nt:unstructured">
                                    <directorList
                                        jcr:primaryType="nt:unstructured"
                                        sling:resourceType="granite/ui/components/coral/foundation/form/select"
                                        fieldDescription="Select director link from the dropdown list."
                                        name="./directorlink">
                                        <datasource
                                            jcr:primaryType="nt:unstructured"
                                            sling:resourceType="acs-commons/components/utilities/genericlist/datasource"
                                            path="/etc/acs-commons/lists/director_list" />
                                    </directorList>
                                </items>
                            </directorContainer>
                            <linkContainer
                                granite:class="hide text-showhide-target"
                                jcr:primaryType="nt:unstructured"
                                sling:resourceType="granite/ui/components/coral/foundation/container">
                                <granite:data
                                    jcr:primaryType="nt:unstructured"
                                    showhidetargetvalue="weburl"/>
                                <items jcr:primaryType="nt:unstructured">
                                    <link
                                        jcr:primaryType="nt:unstructured"
                                        sling:resourceType="granite/ui/components/coral/foundation/form/pathfield"
                                        fieldDescription="Select file from the Content Finder or enter the complete URL."
                                        name="./link"/>
                                </items>
                            </linkContainer>
                           <targetWindow
                                jcr:primaryType="nt:unstructured"
                                sling:resourceType="granite/ui/components/coral/foundation/form/checkbox"
                                fieldDescription="When checked, the link will be opened in new window."
                                name="./newWindow"
                                text="Open in New Window"
                                uncheckedValue="false"
                                value="{Boolean}true"/>
                            <tooltip
                                jcr:primaryType="nt:unstructured"
                                sling:resourceType="granite/ui/components/coral/foundation/form/textfield"
                                fieldDescription="Tooltip"
                                fieldLabel="Tooltip"
                                name="./tooltip"/>
                            <alt
                                jcr:primaryType="nt:unstructured"
                                sling:resourceType="granite/ui/components/coral/foundation/form/textfield"
                                fieldLabel="Alt Text"
                                name="./alt"/>
                            <analyticsInput
                            	jcr:primaryType="nt:unstructured"
                               	sling:resourceType="granite/ui/components/foundation/include"
                              	path="/apps/amica-digital/components/commons/analytics_input/analytics_input_container"/>                            
                            </items>
                            </column>
                       </items>     		
               		</Basic>
		            <list
		                jcr:primaryType="nt:unstructured"
			            jcr:title="List"
			            sling:resourceType="granite/ui/components/foundation/section">
			            <layout
			               jcr:primaryType="nt:unstructured"
			               sling:resourceType="granite/ui/components/foundation/layouts/fixedcolumns"
			               margin="{Boolean}false"/>
		                   <items jcr:primaryType="nt:unstructured">
		                        <column
		                            jcr:primaryType="nt:unstructured"
		                            sling:resourceType="granite/ui/components/coral/foundation/container">
		                            <items jcr:primaryType="nt:unstructured">
		                            <multifield
		                                 jcr:primaryType="nt:unstructured"
		                                 sling:resourceType="granite/ui/components/coral/foundation/form/multifield"
		                                 composite="{Boolean}true"
		                                 fieldDescription="Click Add button to add/author a new page"
		                                 name="./multiCol">
		                                 <field
		                                    jcr:primaryType="nt:unstructured"
		                                    sling:resourceType="granite/ui/components/coral/foundation/container"
		                                    name="./itemsIn">
		                                    <items jcr:primaryType="nt:unstructured">
				                            <linkTitle
				                                jcr:primaryType="nt:unstructured"
				                                sling:resourceType="granite/ui/components/foundation/form/textfield"
				                                fieldDescription="Add title here."
				                                fieldLabel="Title"
				                                name="./title"/>
				                             <icon
											      jcr:primaryType="nt:unstructured"
											      fieldLabel="Icon" 
											      name="./icon"
											      sling:resourceType="acs-commons/components/authoring/graphiciconselect">
											      <datasource 
												      jcr:primaryType="nt:unstructured"
												      path="/etc/acs-commons/lists/amica-font-icons"
												      sling:resourceType="acs-commons/components/utilities/genericlist/datasource"/>
											</icon>
											<linkType
	      										granite:class="cq-dialog-dropdown-showhide1"
	                                            jcr:primaryType="nt:unstructured"
	      										sling:resourceType="granite/ui/components/coral/foundation/form/select"
	                                            fieldLabel="Link To"
	                                            name="linkType">
	                                            <granite:data
	                                            jcr:primaryType="nt:unstructured"
	      										cq-dialog-dropdown-showhide-target1=".list-option-listfrom-showhide-target1"/>
				                                 <items jcr:primaryType="nt:unstructured">
				                                	<none
				                                        jcr:primaryType="nt:unstructured"
				                                        text="None"
				                                        value="none"/>
				                                    <directLink
				                                        jcr:primaryType="nt:unstructured"
				                                        text="Web URL"
				                                        value="weburl"/>
				                                    <directorLink
				                                        jcr:primaryType="nt:unstructured"
				                                        text="Director Link"
				                                        value="directorLink"/>
				                                </items>
	                                         </linkType>
	                                         <directorContainer
	      										granite:class="list-option-listfrom-showhide-target1"
	                                            jcr:primaryType="nt:unstructured"
	                                        	sling:resourceType="granite/ui/components/coral/foundation/form/select"
	                                        	fieldDescription="Select director link from the dropdown list."
	      	                                    fieldLabel="Director Link"
	                                            name="directorlink"
	                                            showhidetargetvalue="directorLink">
	                                            <datasource
	                                            jcr:primaryType="nt:unstructured"
	                                            sling:resourceType="acs-commons/components/utilities/genericlist/datasource"
	                                            path="/etc/acs-commons/lists/director_list" />
	                                              <granite:data
	                                                jcr:primaryType="nt:unstructured"
	                                                showhidetargetvalue="directorLink"/>
	                                        </directorContainer>
	                                        <linkContainer
	      											granite:class="list-option-listfrom-showhide-target1"
	                                             	jcr:primaryType="nt:unstructured"
	     											sling:resourceType="granite/ui/components/coral/foundation/form/pathfield"
	                                              	fieldLabel="Web URL"
	                                              	fieldDescription="Select file from the Content Finder or enter the complete URL."
	                                               name="link"
	                                               showhidetargetvalue="weburl">
	                                               <granite:data
	                                               jcr:primaryType="nt:unstructured"
	                                               showhidetargetvalue="weburl"/>
	                                        </linkContainer>
				                           <targetWindow
				                                jcr:primaryType="nt:unstructured"
				                                sling:resourceType="granite/ui/components/coral/foundation/form/checkbox"
				                                fieldDescription="When checked, the link will be opened in new window."
				                                name="./newWindow"
				                                text="Open in New Window"
				                                uncheckedValue="false"
				                                value="{Boolean}true"/>
				                            <tooltip
				                                jcr:primaryType="nt:unstructured"
				                                sling:resourceType="granite/ui/components/coral/foundation/form/textfield"
				                                fieldDescription="Tooltip"
				                                fieldLabel="Tooltip"
				                                name="./tooltip"/>
				                            <alt
				                                jcr:primaryType="nt:unstructured"
				                                sling:resourceType="granite/ui/components/coral/foundation/form/textfield"
				                                fieldLabel="Alt Text"
				                                name="./alt"/>
				                            <analyticsInput
				                            	jcr:primaryType="nt:unstructured"
				                               	sling:resourceType="granite/ui/components/foundation/include"
				                              	path="/apps/amica-digital/components/commons/analytics_input/analytics_input_container"/>                          
		                            		</items>
                                        </field>
                                  </multifield>
                                </items>
                            </column>
                       </items>     		
               		</list>
                </items>
            </tabs>
        </items>
    </content>
</jcr:root>