<?xml version="1.0" encoding="UTF-8"?>
<jcr:root xmlns:sling="http://sling.apache.org/jcr/sling/1.0" xmlns:cq="http://www.day.com/jcr/cq/1.0" xmlns:jcr="http://www.jcp.org/jcr/1.0" xmlns:nt="http://www.jcp.org/jcr/nt/1.0"
   xmlns:granite="http://www.adobe.com/jcr/granite/1.0"  
    jcr:primaryType="nt:unstructured"
    jcr:title="Testimonial Component"
    sling:resourceType="cq/gui/components/authoring/dialog">
    <content
        jcr:primaryType="nt:unstructured"
        sling:resourceType="granite/ui/components/foundation/container">
        <layout
            jcr:primaryType="nt:unstructured"
            sling:resourceType="granite/ui/components/foundation/layouts/tabs"
            type="nav"/>
        	<items jcr:primaryType="nt:unstructured">
            	  <Basic
                        jcr:primaryType="nt:unstructured"
                        jcr:title="Testimonial"
                        sling:resourceType="granite/ui/components/foundation/section">
                       <layout
                    	jcr:primaryType="nt:unstructured"  
                        sling:resourceType="granite/ui/components/foundation/layouts/fixedcolumns"
                        margin="{Boolean}false"/>
                        <items jcr:primaryType="nt:unstructured">
                        <column
                            jcr:primaryType="nt:unstructured"
                            sling:resourceType="granite/ui/components/foundation/container">
                            <items jcr:primaryType="nt:unstructured">
                            <textArea
                               jcr:primaryType="nt:unstructured"
                               sling:resourceType="granite/ui/components/coral/foundation/form/textarea"
                               fieldDescription="Enter Testimonial Text"
                               fieldLabel="Testimonial"
                               name="./textArea"/>
                            <icon
							      jcr:primaryType="nt:unstructured"
							      fieldLabel="Icon" 
							      name="./icon"
							      sling:resourceType="acs-commons/components/authoring/graphiciconselect">
							      <datasource 
								      jcr:primaryType="nt:unstructured"
								      path="/etc/acs-commons/lists/amica-font-icons"
								      sling:resourceType="acs-commons/components/utilities/genericlist/datasource"/>
							</icon>
                           	<alt
                               jcr:primaryType="nt:unstructured"
                               sling:resourceType="granite/ui/components/coral/foundation/form/textfield"
                               fieldDescription="Textual alternative of the meaning or function of the image, for visually impaired readers."
                               fieldLabel="Alternative Text"
                               name="./alt"/>
                           <tooltip
                               jcr:primaryType="nt:unstructured"
                               sling:resourceType="granite/ui/components/coral/foundation/form/textfield"
                               fieldDescription="Tooltip"
                               fieldLabel="Tooltip"
                               name="./tooltip"/>   
                            <textField
                               jcr:primaryType="nt:unstructured"
                               sling:resourceType="granite/ui/components/foundation/form/textfield"
                               fieldDescription="Enter testimonial Name"
                               fieldLabel="Name field"
                               required="{Boolean}true"
                               name="./textField"/>
		                   	<linkType
				                 jcr:primaryType="nt:unstructured"
				                 sling:resourceType="granite/ui/components/foundation/include"
				                 path="/apps/amica-digital/components/content/link_list_component/cq:dialog/content/items/tabs/items/Basic/items/column/items/linkType"/>
				           	<directorContainer
				                 jcr:primaryType="nt:unstructured"
				                 sling:resourceType="granite/ui/components/foundation/include"
				                 path="/apps/amica-digital/components/content/link_list_component/cq:dialog/content/items/tabs/items/Basic/items/column/items/directorContainer"/>
				           	<linkContainer
				                 jcr:primaryType="nt:unstructured"
				                 sling:resourceType="granite/ui/components/foundation/include"
				                 path="/apps/amica-digital/components/content/link_list_component/cq:dialog/content/items/tabs/items/Basic/items/column/items/linkContainer"/>                                  
        					<targetWindow
                                jcr:primaryType="nt:unstructured"
                                sling:resourceType="granite/ui/components/coral/foundation/form/checkbox"
                                fieldDescription="When checked, the link will be opened in new window."
                                name="./newWindow"
                                text="Open in New Window"
                                uncheckedValue="false"
                                value="{Boolean}true"/>
							<analyticsInput
                            	jcr:primaryType="nt:unstructured"
                               	sling:resourceType="granite/ui/components/foundation/include"
                              	path="/apps/amica-digital/components/commons/analytics_input/analytics_input_container"/>  
                             </items>
                         </column>
                       </items>     		
               		</Basic>  
               </items>
    </content>
</jcr:root>