<?xml version="1.0" encoding="UTF-8"?>
<jcr:root xmlns:sling="http://sling.apache.org/jcr/sling/1.0" xmlns:cq="http://www.day.com/jcr/cq/1.0" xmlns:jcr="http://www.jcp.org/jcr/1.0" xmlns:nt="http://www.jcp.org/jcr/nt/1.0"
   xmlns:granite="http://www.adobe.com/jcr/granite/1.0"  
    jcr:primaryType="nt:unstructured"
    jcr:title="Footer Products component"
    sling:resourceType="cq/gui/components/authoring/dialog">
    <content
        jcr:primaryType="nt:unstructured"
        sling:resourceType="granite/ui/components/foundation/container">
        <layout
            jcr:primaryType="nt:unstructured"
            sling:resourceType="granite/ui/components/foundation/layouts/tabs"
            type="nav"/>
        	<items jcr:primaryType="nt:unstructured">
            	  <Basic
                        jcr:primaryType="nt:unstructured"
                        jcr:title="Footer Products"
                        sling:resourceType="granite/ui/components/foundation/section">
                       <layout
                    	jcr:primaryType="nt:unstructured"  
                        sling:resourceType="granite/ui/components/foundation/layouts/fixedcolumns"
                        margin="{Boolean}false"/>
                        <items jcr:primaryType="nt:unstructured">
                        <column
                            jcr:primaryType="nt:unstructured"
                            sling:resourceType="granite/ui/components/foundation/container">
                            <items jcr:primaryType="nt:unstructured">
                            <menuitem
                               jcr:primaryType="nt:unstructured"
                               sling:resourceType="granite/ui/components/foundation/form/textfield"
                               fieldDescription="Enter Menu Item Label"
                               fieldLabel="Menu Item Label"
                               name="./menuItem"/>
                            <analyticsInput
                            	jcr:primaryType="nt:unstructured"
                               	sling:resourceType="granite/ui/components/foundation/include"
                              	path="/apps/amica-digital/components/commons/analytics_input/analytics_input_container"/>
                             </items>
                         </column>
                       </items>     		
               		</Basic> 
                    <column1
			           	jcr:primaryType="nt:unstructured"
			           	jcr:title="Items"
			           	sling:resourceType="granite/ui/components/foundation/section">
			           	<layout
			               	jcr:primaryType="nt:unstructured"
			               	sling:resourceType="granite/ui/components/foundation/layouts/fixedcolumns"
			               	margin="{Boolean}false"/>  	
			           	<items jcr:primaryType="nt:unstructured">
			               	<column
			                   	jcr:primaryType="nt:unstructured"
			                   	sling:resourceType="granite/ui/components/foundation/container">
			                   	<items jcr:primaryType="nt:unstructured">    
			                       <childelements
			                           jcr:primaryType="nt:unstructured"
			                           sling:resourceType="granite/ui/components/coral/foundation/form/multifield"
			                           composite="{Boolean}true"
			                           fieldDescription="Click + to add a new sub menu item"
			                           fieldLabel="Sub Menu Elements"
			                           name="./multiColIn">
			                           <field
			                               jcr:primaryType="nt:unstructured"
			                               sling:resourceType="granite/ui/components/coral/foundation/container"
			                               name="./itemsIn">
			                               <items jcr:primaryType="nt:unstructured">
			                                   <file
			                                       jcr:primaryType="nt:unstructured"
			                                       sling:resourceType="granite/ui/components/foundation/form/pathbrowser"
			                                       autoStart="{Boolean}false"
			                                       class="cq-droptarget"
			                                       fieldLabel="Image asset"
			                                       fileNameParameter="./fileName"
			                                       fileReferenceParameter="./fileReference"
			                                       mimeTypes="[image/gif,image/jpeg,image/png,image/webp,image/tiff,image/svg]"
			                                       multiple="{Boolean}false"
			                                       name="./file"
			                                       title="Upload Image Asset"
			                                       uploadUrl="${suffix.path}"
			                                       useHTML5="{Boolean}true"/>
			                                   <alt
			                                       jcr:primaryType="nt:unstructured"
			                                       sling:resourceType="granite/ui/components/coral/foundation/form/textfield"
			                                       fieldDescription="Textual alternative of the meaning or function of the image, for visually impaired readers."
			                                       fieldLabel="Alternative Text"
			                                       name="./alt"
			                                       wrapperClass="cmp-image--editor-alt"/>
						                   	  <linkType
								                 jcr:primaryType="nt:unstructured"
								                 sling:resourceType="granite/ui/components/foundation/include"
								                 path="/apps/amica-digital/components/content/link_list_component/cq:dialog/content/items/tabs/items/list/items/column/items/multifield/field/items/linkType"/>
								           	  <directorContainer
								                 jcr:primaryType="nt:unstructured"
								                 sling:resourceType="granite/ui/components/foundation/include"
								                 path="/apps/amica-digital/components/content/link_list_component/cq:dialog/content/items/tabs/items/list/items/column/items/multifield/field/items/directorContainer"/>
								           	  <linkContainer
								                 jcr:primaryType="nt:unstructured"
								                 sling:resourceType="granite/ui/components/foundation/include"
								                 path="/apps/amica-digital/components/content/link_list_component/cq:dialog/content/items/tabs/items/list/items/column/items/multifield/field/items/linkContainer"/>                                  
                                			  <targetWindow
			                                       jcr:primaryType="nt:unstructured"
			                                       sling:resourceType="granite/ui/components/coral/foundation/form/checkbox"
			                                       fieldDescription="When checked, the link will be opened in new window."
			                                       name="./newWindow"
			                                       text="Open in New Window"
			                                       uncheckedValue="false"
			                                       value="{Boolean}true"/>                                        
			                                  <label
			                                       jcr:primaryType="nt:unstructured"
			                                       sling:resourceType="granite/ui/components/coral/foundation/form/textfield"
			                                       fieldDescription="Additional information about the image."
			                                       fieldLabel="Label"
			                                       name="./label"/>
			                                   <tooltip
			                                       jcr:primaryType="nt:unstructured"
			                                       sling:resourceType="granite/ui/components/coral/foundation/form/textfield"
			                                       fieldLabel="Tooltip"
			                                       name="./tooltip"
			                                       wrapperClass="cmp-image--editor-alt"/>
					                          <analyticsInput
					                            	jcr:primaryType="nt:unstructured"
					                               	sling:resourceType="granite/ui/components/foundation/include"
					                              	path="/apps/amica-digital/components/commons/analytics_input/analytics_input_container"/>
			                                   <icon
			                                       jcr:primaryType="nt:unstructured"
			                                       sling:resourceType="acs-commons/components/authoring/graphiciconselect"
			                                       fieldLabel="Icon"
			                                       name="./icon">
			                                       <datasource
			                                           jcr:primaryType="nt:unstructured"
			                                           sling:resourceType="acs-commons/components/utilities/genericlist/datasource"
			                                           path="/etc/acs-commons/lists/font-awesome-icons"/>
			                                   </icon>
			                               </items>
			                           </field>
			                       </childelements>      
                     		</items>
                    	</column>
                	</items>
            	</column1>  
               </items>
    </content>
</jcr:root>