<?xml version="1.0" encoding="UTF-8"?>
<jcr:root xmlns:cq="http://www.day.com/jcr/cq/1.0" xmlns:jcr="http://www.jcp.org/jcr/1.0" xmlns:nt="http://www.jcp.org/jcr/nt/1.0"
    jcr:primaryType="cq:Dialog"
    height="{Long}700"
    helpPath="en/cq/current/wcm/default_components.html"
    title="dialog"
    width="{Long}800"
    xtype="tabpanel">
    <items jcr:primaryType="cq:WidgetCollection">
        <quicklink
            jcr:primaryType="cq:Widget"
            title="Quick Links Managment Dialog"
            xtype="panel">
            <items jcr:primaryType="cq:WidgetCollection">
                <keyword
                    jcr:primaryType="cq:Widget"
                    fieldLabel="Keyword or Phrase"
                    name="./keyword"
                    width="250"
                    xtype="textfield"/>
                <quicklinks
                    jcr:primaryType="cq:Widget"
                    fieldDescription="Click the '+' to add a new Quick Link"
                    name="./quicklinks"
                    xtype="multifield">
                    <fieldConfig
                        jcr:primaryType="cq:Widget"
                        hideFields="function(field){                         
                        var fields = ['linkTitle','linkType','directorList','link','description','id']; var index = fields.indexOf(field); for(var i=0; i &lt; fields.length;i++){ this.getComponent(i).show(); if(index == i){this.getComponent(i).hide();}} }"
                        xtype="multifieldpanel">
                        <items jcr:primaryType="cq:WidgetCollection">
                            <linkTitle
                                jcr:primaryType="cq:Widget"
                                fieldLabel="Title"
                                key="linktitle"
                                width="500"
                                xtype="textfield"/>
                            <linkType
                                jcr:primaryType="cq:Widget"
                                defaultValue="link"
                                fieldLabel="Link To"
                                key="linkType"
                                type="select"
                                value="link"
                                xtype="selection">
                                <listeners
                                    jcr:primaryType="nt:unstructured"
                                    afterlayout="function(){ this.findParentByType('multifieldpanel').hideFields(this.getValue()); }"
                                    loadcontent="function(){ this.findParentByType('multifieldpanel').hideFields(this.getValue()); }"
                                    selectionchanged="function(box,value){box.findParentByType('multifieldpanel').hideFields(value);}"/>
                                <options jcr:primaryType="cq:WidgetCollection">
                                    <directLink
                                        jcr:primaryType="nt:unstructured"
                                        text="Web URL"
                                        value="directorList"/>
                                    <directorLink
                                        jcr:primaryType="nt:unstructured"
                                        text="Director Link"
                                        value="link"/>
                                </options>
                            </linkType>
                            <directorList
                                jcr:primaryType="cq:Widget"
                                fieldDescription="Select director link from dropdown list."
                                key="directorLink"
                                options="/etc/acs-commons/lists/director_list/_jcr_content.list.json"
                                type="select"
                                width="500"
                                xtype="selection"/>
                            <link
                                jcr:primaryType="cq:Widget"
                                fieldDescription="Select file from the Content Finder or enter complete URL."
                                key="directLink"
                                width="500"
                                xtype="pathfield"/>
                            <isPriority
                                jcr:primaryType="cq:Widget"
                                boxLabel="Is Priority"
                                key="isPriority"
                                type="checkbox"
                                xtype="selection"/>                               
                            <description
                                jcr:primaryType="cq:Widget"
                                fieldDescription="Enter Quick link Description"
                                fieldLabel="Description"
                                key="description"
                                width="500"
                                xtype="textarea"/>
                            <id
                                jcr:primaryType="cq:Widget"
                                fieldLabel="Metrics ID"
                                key="id"
                                width="100"
                                xtype="textfield"/>
                        </items>
                    </fieldConfig>
                </quicklinks>
            </items>
        </quicklink>
    </items>
</jcr:root>
