<?xml version="1.0" encoding="UTF-8"?>
<jcr:root xmlns:sling="http://sling.apache.org/jcr/sling/1.0" xmlns:granite="http://www.adobe.com/jcr/granite/1.0" xmlns:cq="http://www.day.com/jcr/cq/1.0" xmlns:jcr="http://www.jcp.org/jcr/1.0" xmlns:nt="http://www.jcp.org/jcr/nt/1.0"
    jcr:primaryType="nt:unstructured"
    jcr:title="Background Image"
    sling:resourceType="cq/gui/components/authoring/dialog"
    helpPath="https://www.adobe.com/go/aem_cmp_image_v1">
    <content
        jcr:primaryType="nt:unstructured"
        sling:resourceType="granite/ui/components/coral/foundation/container">
        <items jcr:primaryType="nt:unstructured">
            <image
                jcr:primaryType="nt:unstructured"
                jcr:title="Image"
                sling:resourceType="granite/ui/components/coral/foundation/fixedcolumns">
                <items jcr:primaryType="nt:unstructured">
                    <column
                        jcr:primaryType="nt:unstructured"
                        sling:resourceType="granite/ui/components/coral/foundation/container">
                        <items jcr:primaryType="nt:unstructured">
                        	<title
                                jcr:primaryType="nt:unstructured"
                                sling:resourceType="granite/ui/components/foundation/form/textfield"
                                fieldLabel="Title"
                                name="./title"/>
                            <subTitle
                                jcr:primaryType="nt:unstructured"
                                sling:resourceType="granite/ui/components/foundation/form/textfield"
                                fieldLabel="Sub-Title"
                                name="./subtitle"/>
                            <file
                                jcr:primaryType="nt:unstructured"
                                sling:resourceType="cq/gui/components/authoring/dialog/fileupload"
                                allowUpload="{Boolean}false"
                                autoStart="{Boolean}false"
                                class="cq-droptarget"
                                fieldLabel="Image asset"
                                fileNameParameter="./fileName"
                                fileReferenceParameter="./fileReference"
                                mimeTypes="[image]"
                                multiple="{Boolean}false"
                                name="./file"
                                title="Upload Image Asset"
                                uploadUrl="${suffix.path}"
                                useHTML5="{Boolean}true"/>
                            <altText
                                jcr:primaryType="nt:unstructured"
                                sling:resourceType="granite/ui/components/foundation/form/textfield"
                                fieldLabel="AltText"
                                name="./altText"/>
                            <tooltip
                                jcr:primaryType="nt:unstructured"
                                sling:resourceType="granite/ui/components/foundation/form/textfield"
                                fieldLabel="Tooltip"
                                name="./tooltip"/>
                            <decorative
                                granite:class="cmp-image--editor-decorative"
                                jcr:primaryType="nt:unstructured"
                                sling:resourceType="granite/ui/components/coral/foundation/form/checkbox"
                                checked="${not empty cqDesign.isDecorative ? cqDesign.isDecorative : false}"
                                fieldDescription="Check if the image should be ignored by assistive technology and therefore does not require an alternative text. This applies to decorative images only."
                                name="./isDecorative"
                                text="Image is decorative"
                                uncheckedValue="false"
                                value="{Boolean}true"/>
                            <backgroundColor jcr:primaryType="nt:unstructured"
								sling:resourceType="granite/ui/components/coral/foundation/form/colorfield"
								showDefaultColors="{Boolean}false"
								text="Background Color"
								fieldLabel="Background Color"
								name="./backgroundColor"
								showProperties="{Boolean}false">
									<items jcr:primaryType="nt:unstructured">
										<heroGreen jcr:primaryType="nt:unstructured" value="#00534C"/>
										<heroBlue jcr:primaryType="nt:unstructured" value="#003C71"/>
										<pineGreen jcr:primaryType="nt:unstructured" value="#0E7E75"/>
										<burntOrange jcr:primaryType="nt:unstructured" value="#BE4E03"/>
										<amicaOrange jcr:primaryType="nt:unstructured" value="#D17A23"/>
										<nearBlack jcr:primaryType="nt:unstructured" value="#4A4844"/>
										<brownGrey jcr:primaryType="nt:unstructured" value="#787162"/>
										<grey jcr:primaryType="nt:unstructured" value="#A69F88"/>
										<lightGrey jcr:primaryType="nt:unstructured" value="#E4E2DB"/>
										<lightGrey30 jcr:primaryType="nt:unstructured" value="#F7F6F4"/>
										<lightGreen jcr:primaryType="nt:unstructured" value="#BCE6E1"/>
										<faintGreen jcr:primaryType="nt:unstructured" value="#F4FCF8"/>
										<nearWhite jcr:primaryType="nt:unstructured" value="#FBFBFA"/>
										<white jcr:primaryType="nt:unstructured" value="#FFFFFF"/>
									</items>
							</backgroundColor>
                            <useFullWidth
		                        jcr:primaryType="nt:unstructured"
		                        sling:resourceType="granite/ui/components/coral/foundation/form/checkbox"
		                        fieldDescription="Overlap grid to have full width background"
		                        name="./useFullWidth"
		                        text="Full width"
		                        value="true"/>
		                     <defaultTopMargin
                                jcr:primaryType="nt:unstructured"
                                sling:resourceType="granite/ui/components/coral/foundation/form/checkbox"
                                fieldDescription="When checked, default margin will be added at the Top of the component."
                                name="./defaultTopMargin"
                                text="Default Margin at Top "
                                uncheckedValue="false"
                                value="{Boolean}true"/>
		                     <defaultBottomMargin
                                jcr:primaryType="nt:unstructured"
                                sling:resourceType="granite/ui/components/coral/foundation/form/checkbox"
                                fieldDescription="When checked, default margin will be added at the Bottom of the component."
                                name="./defaultBottomMargin"
                                text="Default Margin at bottom "
                                uncheckedValue="false"
                                value="{Boolean}true"/>
		                     <opacity
                                jcr:primaryType="nt:unstructured"
                                sling:resourceType="granite/ui/components/coral/foundation/form/numberfield"
                                fieldLabel="Opacity (Range 0-100)"
                                fieldDescription="1 is the increment"
                                value="100"
                                min="0"
    							max="100"
                                name="./opacity"/>
                             <blur
                                jcr:primaryType="nt:unstructured"
                                sling:resourceType="granite/ui/components/coral/foundation/form/numberfield"
                                fieldLabel="Blur (Range 0-100)"
                                fieldDescription="1 is the increment"
                                value="0"
                                min="0"
    							max="100"
                                name="./blur"/>
                              <brightness
                                jcr:primaryType="nt:unstructured"
                                sling:resourceType="granite/ui/components/coral/foundation/form/numberfield"
                                fieldLabel="Brightness (Range 0-100)"
                                fieldDescription="1 is the increment"
                                value="100"
                                min="0"
    							max="100"
                                name="./brightness"/>
                        </items>
                    </column>
                </items>
            </image>
        </items>
    </content>
</jcr:root>
