<?xml version="1.0" encoding="UTF-8"?>
<jcr:root xmlns:sling="http://sling.apache.org/jcr/sling/1.0" xmlns:granite="http://www.adobe.com/jcr/granite/1.0" xmlns:cq="http://www.day.com/jcr/cq/1.0" xmlns:jcr="http://www.jcp.org/jcr/1.0" xmlns:nt="http://www.jcp.org/jcr/nt/1.0"
    jcr:primaryType="nt:unstructured"
    jcr:title="Adaptive Image"
    sling:resourceType="cq/gui/components/authoring/dialog"
    extraClientlibs="[core.wcm.components.image.v1.editor]"
    helpPath="https://www.adobe.com/go/aem_cmp_image_v1">
    <content
        jcr:primaryType="nt:unstructured"
        sling:resourceType="granite/ui/components/coral/foundation/container">
        <items jcr:primaryType="nt:unstructured">
            <image
                jcr:primaryType="nt:unstructured"
                jcr:title="Image"
                sling:resourceType="granite/ui/components/coral/foundation/fixedcolumns">
                <items jcr:primaryType="nt:unstructured">
                    <column
                        jcr:primaryType="nt:unstructured"
                        sling:resourceType="granite/ui/components/coral/foundation/container">
                        <items jcr:primaryType="nt:unstructured">
                            <file
                                jcr:primaryType="nt:unstructured"
                                sling:resourceType="cq/gui/components/authoring/dialog/fileupload"
                                allowUpload="{Boolean}false"
                                autoStart="{Boolean}false"
                                class="cq-droptarget"
                                fieldLabel="Image asset"
                                fileNameParameter="./fileName"
                                fileReferenceParameter="./fileReference"
                                mimeTypes="[image]"
                                multiple="{Boolean}false"
                                name="./file"
                                title="Upload Image Asset"
                                uploadUrl="${suffix.path}"
                                useHTML5="{Boolean}true"/>
                            <alt
                                jcr:primaryType="nt:unstructured"
                                sling:resourceType="granite/ui/components/coral/foundation/form/textfield"
                                fieldDescription="Textual alternative of the meaning or function of the image, for visually impaired readers."
                                fieldLabel="Alternative Text"
                                name="./alt"
                                required="{Boolean}true"
                                wrapperClass="cmp-image--editor-alt"/>
		                   	<linkType
				                 jcr:primaryType="nt:unstructured"
				                 sling:resourceType="granite/ui/components/foundation/include"
				                 path="/apps/amica-digital/components/content/link_list_component/cq:dialog/content/items/tabs/items/Basic/items/column/items/linkType"/>
				           	<directorContainer
				                 jcr:primaryType="nt:unstructured"
				                 sling:resourceType="granite/ui/components/foundation/include"
				                 path="/apps/amica-digital/components/content/link_list_component/cq:dialog/content/items/tabs/items/Basic/items/column/items/directorContainer"/>
				           	<linkContainer
				                 jcr:primaryType="nt:unstructured"
				                 sling:resourceType="granite/ui/components/foundation/include"
				                 path="/apps/amica-digital/components/content/link_list_component/cq:dialog/content/items/tabs/items/Basic/items/column/items/linkContainer"/>                                  
                            <targetWindow
                                jcr:primaryType="nt:unstructured"
                                sling:resourceType="granite/ui/components/coral/foundation/form/checkbox"
                                fieldDescription="When checked, the link will be opened in new window."
                                name="./newWindow"
                                text="Open in New Window"
                                uncheckedValue="false"
                                value="{Boolean}true"/>
                            <tooltip
                                jcr:primaryType="nt:unstructured"
                                sling:resourceType="granite/ui/components/coral/foundation/form/textfield"
                                fieldDescription="tool tip"
                                fieldLabel="Tooltip"
                                name="./tooltip"
                                wrapperClass="cmp-image--editor-alt"/>
							<analyticsInput
                            	jcr:primaryType="nt:unstructured"
                               	sling:resourceType="granite/ui/components/foundation/include"
                              	path="/apps/amica-digital/components/commons/analytics_input/analytics_input_container"/>  	
                        </items>
                    </column>
                </items>
            </image>
        </items>
    </content>
</jcr:root>
