<?xml version="1.0" encoding="UTF-8"?>
<jcr:root xmlns:sling="http://sling.apache.org/jcr/sling/1.0" xmlns:cq="http://www.day.com/jcr/cq/1.0" xmlns:jcr="http://www.jcp.org/jcr/1.0" xmlns:nt="http://www.jcp.org/jcr/nt/1.0"
   xmlns:granite="http://www.adobe.com/jcr/granite/1.0"  
    jcr:primaryType="nt:unstructured"
    jcr:title="Search results component"
    sling:resourceType="cq/gui/components/authoring/dialog">
    <content
        jcr:primaryType="nt:unstructured"
        sling:resourceType="granite/ui/components/foundation/container">
        <layout
            jcr:primaryType="nt:unstructured"
            sling:resourceType="granite/ui/components/foundation/layouts/tabs"
            type="large"/>
        	<items jcr:primaryType="nt:unstructured">
            	  <search
                        jcr:primaryType="nt:unstructured"
                        jcr:title="Search"
                        sling:resourceType="granite/ui/components/foundation/section">
                       <layout
                    	jcr:primaryType="nt:unstructured"  
                        sling:resourceType="granite/ui/components/foundation/layouts/fixedcolumns"
                        margin="{Boolean}false"/>
                        <items jcr:primaryType="nt:unstructured">
                        <column
                            jcr:primaryType="nt:unstructured"
                            sling:resourceType="granite/ui/components/foundation/container">
                            <items jcr:primaryType="nt:unstructured">
	                            <searchIn
	                               jcr:primaryType="nt:unstructured"
	                               sling:resourceType="granite/ui/components/coral/foundation/form/pathfield"
	                               fieldDescription="Enter Menu Item Label"
	                               fieldLabel="Path or Paths to Search"
	                               multiple="{Boolean}true"
	                               rootPath="/content"
	                               name="./searchIn"/>    
	                           	<synonyms
	                                jcr:primaryType="nt:unstructured"
	                                sling:resourceType="granite/ui/components/foundation/form/checkbox"
	                                fieldDescription="If checked, any synonyms for the search term will be processed."
	                                name="./enableSynonyms"
	                                text="Enable Synonyms"
	                                uncheckedValue="false"
	                                value="{Boolean}true"/>
	                             <displayquicklinks
	                                jcr:primaryType="nt:unstructured"
	                                sling:resourceType="granite/ui/components/foundation/form/checkbox"
	                                fieldDescription="If checked, Quick Links Section wil be shown."
	                                name="./displayquicklinks"
	                                text="Show Quick Links"
	                                uncheckedValue="false"
	                                value="{Boolean}true"/>    
                             </items>
                         </column>
                       </items>     		
               		</search>
            	  	<display
                        jcr:primaryType="nt:unstructured"
                        jcr:title="Display"
                        sling:resourceType="granite/ui/components/foundation/section">
                       <layout
                    	jcr:primaryType="nt:unstructured"  
                        sling:resourceType="granite/ui/components/foundation/layouts/fixedcolumns"
                        margin="{Boolean}false"/>
                        <items jcr:primaryType="nt:unstructured">
                        <column
                            jcr:primaryType="nt:unstructured"
                            sling:resourceType="granite/ui/components/foundation/container">
                            <items jcr:primaryType="nt:unstructured"> 
	                             <displayDescription
	                                jcr:primaryType="nt:unstructured"
	                                sling:resourceType="granite/ui/components/foundation/form/checkbox"
	                                fieldDescription="If checked, the description (if any) will be the output for each search result. If not the excerpt will be displayed by default"
	                                name="./displayDescription"
	                                text="Display Description"
	                                uncheckedValue="false"
	                                value="{Boolean}true"/>    
	                           	<hideSpellcheck
	                                jcr:primaryType="nt:unstructured"
	                                sling:resourceType="granite/ui/components/foundation/form/checkbox"
	                                fieldDescription="If checked, a spelling suggestion will not be displayed."
	                                name="./hideSpellcheck"
	                                text=" Hide Spellcheck"
	                                uncheckedValue="false"
	                                value="{Boolean}true"/>
                           	</items>
                         </column>
                       </items>     		
               		</display>
            	  	<text
                        jcr:primaryType="nt:unstructured"
                        jcr:title="Text Options"
                        sling:resourceType="granite/ui/components/foundation/section">
                       <layout
                    	jcr:primaryType="nt:unstructured"  
                        sling:resourceType="granite/ui/components/foundation/layouts/fixedcolumns"
                        margin="{Boolean}false"/>
                        <items jcr:primaryType="nt:unstructured">
                        <column
                            jcr:primaryType="nt:unstructured"
                            sling:resourceType="granite/ui/components/foundation/container">
                            <items jcr:primaryType="nt:unstructured">
                            	<pageTitle
	                               jcr:primaryType="nt:unstructured"
	                               sling:resourceType="granite/ui/components/foundation/form/textfield"
	                               fieldDescription="Authored text is hown as title, if not original page titile will be shown by default"
	                               fieldLabel="Search Results Page Title"
	                               name="./pageTitle"/> 
	                             <placeholder
	                               jcr:primaryType="nt:unstructured"
	                               sling:resourceType="granite/ui/components/foundation/form/textfield"
	                               fieldDescription="Placeholder for search box in form"
	                               fieldLabel="Search Placeholder"
	                               name="./searchPlaceholder"/>
	                             <searchButtonText
	                               jcr:primaryType="nt:unstructured"
	                               sling:resourceType="granite/ui/components/foundation/form/textfield"
	                               fieldDescription="Button label in the search form."
	                               fieldLabel="Search Button Label"
	                               name="./searchButtonLabel"/>
	                             <resultCountSingular
	                               jcr:primaryType="nt:unstructured"
	                               sling:resourceType="granite/ui/components/foundation/form/textfield"
	                               fieldDescription="Text seen when there is single result on page with search term."
	                               fieldLabel="Page Search label - Single Result Text"
	                               name="./resultCountSingular"/>
	                             <resultCountMulti
	                               jcr:primaryType="nt:unstructured"
	                               sling:resourceType="granite/ui/components/foundation/form/textfield"
	                               fieldDescription="Text seen when there is multi result on page with search term."
	                               fieldLabel="Page Search label - Multiple Results Text"
	                               name="./resultCountMulti"/>
	                             <noResults
	                               jcr:primaryType="nt:unstructured"
	                               sling:resourceType="granite/ui/components/foundation/form/textfield"
	                               fieldDescription="Text seen when there are no results with search term."
	                               fieldLabel="No Results Text"
	                               name="./noResultsText"/>
	                             <suggestionText
	                               jcr:primaryType="nt:unstructured"
	                               sling:resourceType="granite/ui/components/foundation/form/textfield"
	                               fieldDescription="Text seen along with the suggested term on the page."
	                               fieldLabel="Text for suggested search term"
	                               name="./suggestionText"/>                               
	                             <quicklinksHeading
	                               jcr:primaryType="nt:unstructured"
	                               sling:resourceType="granite/ui/components/foundation/form/textfield"
	                               fieldDescription="Heading on Quick links Search Results."
	                               fieldLabel="Quick Links Results Section Heading"
	                               name="./quicklinksResultsHeading"/>
	                             <searchHeading
	                               jcr:primaryType="nt:unstructured"
	                               sling:resourceType="granite/ui/components/foundation/form/textfield"
	                               fieldDescription="Heading on search form with total results in brackets"
	                               fieldLabel="Regular Search Results Section  Heading"
	                               name="./searchResultsHeading"/>                                           	                               	                               	                               	                                                            	                                
                           	</items>
                         </column>
                       </items>     		
               		</text>               		                		                    
               </items>
    </content>
</jcr:root>