<?xml version="1.0" encoding="UTF-8"?>
<jcr:root xmlns:sling="http://sling.apache.org/jcr/sling/1.0" xmlns:granite="http://www.adobe.com/jcr/granite/1.0" xmlns:cq="http://www.day.com/jcr/cq/1.0" xmlns:jcr="http://www.jcp.org/jcr/1.0" xmlns:nt="http://www.jcp.org/jcr/nt/1.0"
    jcr:primaryType="nt:unstructured"
    jcr:title="HTML Component"
    sling:resourceType="cq/gui/components/authoring/dialog">
    <content
        jcr:primaryType="nt:unstructured"
        sling:resourceType="granite/ui/components/foundation/container">
        <items jcr:primaryType="nt:unstructured">
            <html
                jcr:primaryType="nt:unstructured"
                jcr:title="HTML Content"
                sling:resourceType="granite/ui/components/coral/foundation/fixedcolumns"
                margin="{Boolean}false">
                <items jcr:primaryType="nt:unstructured">
                    <column
                        jcr:primaryType="nt:unstructured"
                        sling:resourceType="granite/ui/components/foundation/container">
                        <items jcr:primaryType="nt:unstructured">
                            <html
							    jcr:primaryType="nt:unstructured"
							    sling:resourceType="granite/ui/components/foundation/form/textarea"
							    fieldLabel="HTML"
							    name="./html"
							    rows="20"
							    required="true"/>
                        </items>
                    </column>
                </items>
            </html>
        </items>
    </content>
</jcr:root>
