<?xml version="1.0" encoding="UTF-8"?>
<jcr:root xmlns:sling="http://sling.apache.org/jcr/sling/1.0" xmlns:granite="http://www.adobe.com/jcr/granite/1.0" xmlns:cq="http://www.day.com/jcr/cq/1.0" xmlns:jcr="http://www.jcp.org/jcr/1.0" xmlns:nt="http://www.jcp.org/jcr/nt/1.0"
    jcr:primaryType="nt:unstructured"
    jcr:title="Button"
    sling:resourceType="cq/gui/components/authoring/dialog">
    <content
        jcr:primaryType="nt:unstructured"
        sling:resourceType="granite/ui/components/foundation/container">
        <layout
            jcr:primaryType="nt:unstructured"
            sling:resourceType="granite/ui/components/foundation/layouts/tabs"
            type="nav"/>
        <items jcr:primaryType="nt:unstructured">
            <prelogin
                jcr:primaryType="nt:unstructured"
                jcr:title="Pre Login"
                sling:resourceType="granite/ui/components/foundation/section"
                margin="{Boolean}false"
                name="./prelogin">
                <items jcr:primaryType="nt:unstructured">
                    <column
                        jcr:primaryType="nt:unstructured"
                        sling:resourceType="granite/ui/components/foundation/container">
                        <items jcr:primaryType="nt:unstructured">
                            <text
                                jcr:primaryType="nt:unstructured"
                                sling:resourceType="granite/ui/components/foundation/form/textfield"
                                fieldLabel="Text"
                                name="./text"/>
                            <linkType
                                granite:class="cq-dialog-dropdown-showhide"
                                jcr:primaryType="nt:unstructured"
                                sling:resourceType="granite/ui/components/coral/foundation/form/select"
                                fieldLabel="Link To"
                                name="./linkType"
                                value="none">
                                <granite:data
                                    jcr:primaryType="nt:unstructured"
                                    cq-dialog-dropdown-showhide-target=".text-showhide-target"/>
                                <items jcr:primaryType="nt:unstructured">
                                    <none
                                        jcr:primaryType="nt:unstructured"
                                        text="None"
                                        value="none"/>
                                    <directLink
                                        jcr:primaryType="nt:unstructured"
                                        text="Web URL"
                                        value="weburl"/>
                                    <directorLink
                                        jcr:primaryType="nt:unstructured"
                                        text="Director Link"
                                        value="directorLink"/>
                                </items>
                            </linkType>
                            <directorContainer
                                granite:class="hide text-showhide-target"
                                jcr:primaryType="nt:unstructured"
                                sling:resourceType="granite/ui/components/coral/foundation/container">
                                <granite:data
                                    jcr:primaryType="nt:unstructured"
                                    showhidetargetvalue="directorLink"/>
                                <items jcr:primaryType="nt:unstructured">
                                    <directorList
                                        jcr:primaryType="nt:unstructured"
                                        sling:resourceType="granite/ui/components/coral/foundation/form/select"
                                        fieldDescription="Select director link from the dropdown list."
                                        name="./directorlink">
                                        <datasource
                                            jcr:primaryType="nt:unstructured"
                                            sling:resourceType="acs-commons/components/utilities/genericlist/datasource"
                                            path="/etc/acs-commons/lists/director_list"/>
                                    </directorList>
                                </items>
                            </directorContainer>
                            <linkContainer
                                granite:class="hide text-showhide-target"
                                jcr:primaryType="nt:unstructured"
                                sling:resourceType="granite/ui/components/coral/foundation/container">
                                <granite:data
                                    jcr:primaryType="nt:unstructured"
                                    showhidetargetvalue="weburl"/>
                                <items jcr:primaryType="nt:unstructured">
                                    <link
                                        jcr:primaryType="nt:unstructured"
                                        sling:resourceType="granite/ui/components/coral/foundation/form/pathfield"
                                        fieldDescription="Select file from the Content Finder or enter the complete URL."
                                        name="./link"/>
                                </items>
                            </linkContainer>
                            <targetWindow
                                jcr:primaryType="nt:unstructured"
                                sling:resourceType="granite/ui/components/coral/foundation/form/checkbox"
                                fieldDescription="When checked, the link will be opened in new window."
                                name="./newWindow"
                                text="Open in New Window"
                                uncheckedValue="false"
                                value="{Boolean}true"/>
                            <icon
							      jcr:primaryType="nt:unstructured"
							      fieldLabel="Icon" 
							      name="./icon"
							      sling:resourceType="acs-commons/components/authoring/graphiciconselect">
							      <datasource 
								      jcr:primaryType="nt:unstructured"
								      path="/etc/acs-commons/lists/amica-font-icons"
								      sling:resourceType="acs-commons/components/utilities/genericlist/datasource"/>
							</icon>
							<tooltip
                                jcr:primaryType="nt:unstructured"
                                sling:resourceType="granite/ui/components/coral/foundation/form/textfield"
                                fieldDescription="Tooltip"
                                fieldLabel="Tooltip"
                                name="./tooltip"/>
                            <alt
                                jcr:primaryType="nt:unstructured"
                                sling:resourceType="granite/ui/components/coral/foundation/form/textfield"
                                fieldLabel="Alt Text"
                                name="./alt"/>
                            <style
                                jcr:primaryType="nt:unstructured"
                                sling:resourceType="granite/ui/components/coral/foundation/form/select"
                                fieldLabel="Style"
                                name="./style"
                                value="buttonPrimary">
                                <items jcr:primaryType="nt:unstructured">
                                    <buttonPrimary
                                        jcr:primaryType="nt:unstructured"
                                        text="Primary"
                                        value="buttonPrimary"/>
                                    <buttonSecondary
                                        jcr:primaryType="nt:unstructured"
                                        text="Secondary"
                                        value="buttonSecondary"/>
                                    <buttonWithChevron
                                        jcr:primaryType="nt:unstructured"
                                        text="Chevron"
                                        value="buttonWithChevron"/>
                                    <buttonTertiary
                                        jcr:primaryType="nt:unstructured"
                                        text="Tertiary"
                                        value="buttonTertiary"/>
                                    <buttonDestructive
                                        jcr:primaryType="nt:unstructured"
                                        text="Destructive"
                                        value="buttonDestructive"/>
                                    <buttonPrimaryHero
                                        jcr:primaryType="nt:unstructured"
                                        text="Hero"
                                        value="buttonPrimaryHero"/>
                                     <buttonWithIcon
                                        jcr:primaryType="nt:unstructured"
                                        text="Button With Icon"
                                        value="buttonWithIcon"/>
                                     <quickLinksButton
                                        jcr:primaryType="nt:unstructured"
                                        text="Quick Links"
                                        value="quickLinksButton"/>
                                </items>
                            </style>
                            <isDisabled
                                jcr:primaryType="nt:unstructured"
                                sling:resourceType="granite/ui/components/foundation/form/checkbox"
                                boxLabel="Disabled Button"
                                name="./isDisabled"
                                text="isDisabled"
                                type="checkbox"
                                value="true"/>
                            <isLoginButton
                                jcr:primaryType="nt:unstructured"
                                sling:resourceType="granite/ui/components/foundation/form/checkbox"
                                boxLabel="Is Login Button"
                                name="./isLoginButton"
                                text="isLoginButton"
                                type="checkbox"
                                value="true"/>
                            <analyticsInput
                            	jcr:primaryType="nt:unstructured"
                               	sling:resourceType="granite/ui/components/foundation/include"
                              	path="/apps/amica-digital/components/commons/analytics_input/analytics_input_container"/>
                        </items>
                    </column>
                </items>
            </prelogin>
            <postlogin
                jcr:primaryType="nt:unstructured"
                jcr:title="Post Login"
                sling:resourceType="granite/ui/components/foundation/section"
                margin="{Boolean}false"
                name="./postlogin">
                <items jcr:primaryType="nt:unstructured">
                    <column
                        jcr:primaryType="nt:unstructured"
                        sling:resourceType="granite/ui/components/foundation/container">
                        <items jcr:primaryType="nt:unstructured">
                            <text
                                jcr:primaryType="nt:unstructured"
                                sling:resourceType="granite/ui/components/foundation/form/textfield"
                                fieldLabel="Text"
                                name="./postlogintext"/>
                            <linkTypePostLogin
                                granite:class="cq-dialog-dropdown-showhide"
                                jcr:primaryType="nt:unstructured"
                                sling:resourceType="granite/ui/components/coral/foundation/form/select"
                                fieldLabel="Link To"
                                name="./linkTypePostLogin"
                                value="none">
                                <granite:data
                                    jcr:primaryType="nt:unstructured"
                                    cq-dialog-dropdown-showhide-target=".text-showhide-target"/>
                                <items jcr:primaryType="nt:unstructured">
                                    <none
                                        jcr:primaryType="nt:unstructured"
                                        text="None"
                                        value="none"/>
                                    <directLink
                                        jcr:primaryType="nt:unstructured"
                                        text="Web URL"
                                        value="weburlPostLogin"/>
                                    <directorLink
                                        jcr:primaryType="nt:unstructured"
                                        text="Director Link"
                                        value="directorLinkPostLogin"/>
                                </items>
                            </linkTypePostLogin>
                            <directorContainer
                                granite:class="hide text-showhide-target"
                                jcr:primaryType="nt:unstructured"
                                sling:resourceType="granite/ui/components/coral/foundation/container">
                                <granite:data
                                    jcr:primaryType="nt:unstructured"
                                    showhidetargetvalue="directorLink"/>
                                <items jcr:primaryType="nt:unstructured">
                                    <directorList
                                        jcr:primaryType="nt:unstructured"
                                        sling:resourceType="granite/ui/components/coral/foundation/form/select"
                                        fieldDescription="Select director link from the dropdown list."
                                        name="./directorlinkPostLogin">
                                        <datasource
                                            jcr:primaryType="nt:unstructured"
                                            sling:resourceType="acs-commons/components/utilities/genericlist/datasource"
                                            path="/etc/acs-commons/lists/director_list"/>
                                    </directorList>
                                </items>
                            </directorContainer>
                            <linkContainer
                                granite:class="hide text-showhide-target"
                                jcr:primaryType="nt:unstructured"
                                sling:resourceType="granite/ui/components/coral/foundation/container">
                                <granite:data
                                    jcr:primaryType="nt:unstructured"
                                    showhidetargetvalue="weburlPostLogin"/>
                                <items jcr:primaryType="nt:unstructured">
                                    <linkPostLogin
                                        jcr:primaryType="nt:unstructured"
                                        sling:resourceType="granite/ui/components/coral/foundation/form/pathfield"
                                        fieldDescription="Select file from the Content Finder or enter the complete URL."
                                        name="./linkPostLogin"/>
                                </items>
                            </linkContainer>
                            <targetWindow
                                jcr:primaryType="nt:unstructured"
                                sling:resourceType="granite/ui/components/coral/foundation/form/checkbox"
                                fieldDescription="When checked, the link will be opened in new window."
                                name="./postloginnewWindow"
                                text="Open in New Window"
                                uncheckedValue="false"
                                value="{Boolean}true"/>
                            <postloginstyle
                                jcr:primaryType="nt:unstructured"
                                sling:resourceType="granite/ui/components/coral/foundation/form/select"
                                fieldLabel="Style"
                                name="./postloginstyle"
                                value="buttonPrimary">
                                <items jcr:primaryType="nt:unstructured">
                                    <buttonPrimary
                                        jcr:primaryType="nt:unstructured"
                                        text="Primary"
                                        value="buttonPrimary"/>
                                    <buttonSecondary
                                        jcr:primaryType="nt:unstructured"
                                        text="Secondary"
                                        value="buttonSecondary"/>
                                    <buttonWithChevron
                                        jcr:primaryType="nt:unstructured"
                                        text="Chevron"
                                        value="buttonWithChevron"/>
                                    <buttonTertiary
                                        jcr:primaryType="nt:unstructured"
                                        text="Tertiary"
                                        value="buttonTertiary"/>
                                    <buttonDestructive
                                        jcr:primaryType="nt:unstructured"
                                        text="Destructive"
                                        value="buttonDestructive"/>
                                    <buttonPrimaryHero
                                        jcr:primaryType="nt:unstructured"
                                        text="Hero"
                                        value="buttonPrimaryHero"/>
                                </items>
                            </postloginstyle>
                            <isDisabled
                                jcr:primaryType="nt:unstructured"
                                sling:resourceType="granite/ui/components/foundation/form/checkbox"
                                boxLabel="Disabled Button"
                                name="./isDisabledPostLogin"
                                text="isDisabled"
                                type="checkbox"
                                value="true"/>
                            <!-- <analyticsInput
                            	jcr:primaryType="nt:unstructured"
                               	sling:resourceType="granite/ui/components/foundation/include"
                              	path="/apps/amica-digital/components/commons/analytics_input/analytics_input_container"/> -->
                              	<metricsId
						            jcr:primaryType="nt:unstructured"
						            sling:resourceType="granite/ui/components/coral/foundation/form/textfield"
						            fieldDescription="Metrics ID"
						            fieldLabel="Metrics ID"
						            name="./metricsIdLogin"/>
						        <priority
						            jcr:primaryType="nt:unstructured"
						            sling:resourceType="granite/ui/components/coral/foundation/form/checkbox"
						            fieldDescription="When checked, this will be marked as a priority link."
						            name="./priorityLogin"
						            text="Is this a priority link?"
						            uncheckedValue="false"
						            value="{Boolean}true"/>
                        </items>
                    </column>
                </items>
            </postlogin>
        </items>
    </content>
</jcr:root>
