<?xml version="1.0" encoding="UTF-8"?>
<jcr:root xmlns:sling="http://sling.apache.org/jcr/sling/1.0" xmlns:granite="http://www.adobe.com/jcr/granite/1.0" xmlns:cq="http://www.day.com/jcr/cq/1.0" xmlns:jcr="http://www.jcp.org/jcr/1.0" xmlns:nt="http://www.jcp.org/jcr/nt/1.0"
    jcr:primaryType="nt:unstructured"
    sling:resourceType="cq/gui/components/authoring/dialog"
    helpPath="en/cq/current/wcm/default_components.html#Text Image">
    <content
        jcr:primaryType="nt:unstructured"
        sling:resourceType="granite/ui/components/coral/foundation/tabs">
        <items
            jcr:primaryType="nt:unstructured"
            sling:resourceType="granite/ui/components/foundation/container">
            <titleanddescription
                jcr:primaryType="nt:unstructured"
                jcr:title="Title and Description"
                sling:resourceType="granite/ui/components/coral/foundation/fixedcolumns">
                <items jcr:primaryType="nt:unstructured">
                    <column
                        jcr:primaryType="nt:unstructured"
                        sling:resourceType="granite/ui/components/coral/foundation/container">
                        <items jcr:primaryType="nt:unstructured">
                            <title
                              jcr:primaryType="nt:unstructured"
			                  fieldLabel="Title"
			                  sling:resourceType="granite/ui/components/coral/foundation/form/textfield"
			                  name="./title"/>
			                <description
                              jcr:primaryType="nt:unstructured"
			                  fieldLabel="Description"
			                  fieldDescription="This is an optional field for descriptive text that displays directly below the Title"
			                  sling:resourceType="granite/ui/components/coral/foundation/form/textfield"
			                  name="./description"/>
			                <corners
						         jcr:primaryType="nt:unstructured"
						          sling:resourceType="granite/ui/components/coral/foundation/form/select"
						         fieldLabel="Corners"
						         name="./corners">
						             <items jcr:primaryType="nt:unstructured">
						                  <none
						                     jcr:primaryType="nt:unstructured"
						                       text="None"
						                      value="none"/>
						                   <corner
						                      jcr:primaryType="nt:unstructured"
						                      text="All"
						                      value="border"/>
						                    <corner-top
						                      jcr:primaryType="nt:unstructured"
						                      text="Top Rounded Corners"
						                      value="border-top"/>
						                    <corner-right
						                      jcr:primaryType="nt:unstructured"
						                      text="Right Rounded Corners"
						                      value="border-right"/>
						                    <corner-bottom
						                       jcr:primaryType="nt:unstructured"
						                       text="Bottom Rounded Corners"
						                       value="border-bottom"/>
						                    <corner-left
						                       jcr:primaryType="nt:unstructured"
						                        text="Left Rounded Corners"
						                        value="border-left"/>
						                   </items>
						          	</corners>
                        		</items>
                    		</column>
                		</items>
            		</titleanddescription>
                    <text
                        jcr:primaryType="nt:unstructured"
                        jcr:title="Text"
                        sling:resourceType="granite/ui/components/foundation/section">
                        <layout
                            jcr:primaryType="nt:unstructured"
                            sling:resourceType="granite/ui/components/foundation/layouts/fixedcolumns"
                            margin="{Boolean}false"/>
                        <items jcr:primaryType="nt:unstructured">
                            <column
                                granite:class="coral-RichText-FixedColumn-column"
                                jcr:primaryType="nt:unstructured"
                                sling:resourceType="granite/ui/components/foundation/container">
                                <items jcr:primaryType="nt:unstructured">
                                    <text
                                        jcr:primaryType="nt:unstructured"
                                        sling:resourceType="cq/gui/components/authoring/dialog/richtext"
                                        name="./text"
                                        useFixedInlineToolbar="{Boolean}true">
                                        <rtePlugins
                                            jcr:primaryType="nt:unstructured"
                                            sling:resourceSuperType="/apps/amica-digital/components/commons/rte_configs/rtePlugins"/>
                                        <htmlRules
                                            jcr:primaryType="nt:unstructured"
                                            sling:resourceSuperType="/apps/amica-digital/components/commons/rte_configs/htmlRules"/>
                                        <uiSettings
                                            jcr:primaryType="nt:unstructured"
                                            sling:resourceSuperType="/apps/amica-digital/components/commons/rte_configs/uiSettings"/>
                                    </text>
                                </items>
                            </column>
                        </items>
                    </text>           
                    <metrics
                        jcr:primaryType="nt:unstructured"
                        jcr:title="Metrics"
                        sling:resourceType="granite/ui/components/coral/foundation/fixedcolumns">
                        <items jcr:primaryType="nt:unstructured">
                            <column
                                jcr:primaryType="nt:unstructured"
                                sling:resourceType="granite/ui/components/coral/foundation/container">
                                <items jcr:primaryType="nt:unstructured">
                                    <analyticsInput
                                        jcr:primaryType="nt:unstructured"
                                        sling:resourceType="granite/ui/components/foundation/include"
                                        path="/apps/amica-digital/components/commons/analytics_input/analytics_input_container"/>
                                </items>
                            </column>
                            </items>
                    </metrics>
				        </items>
				    </content>
				</jcr:root>
