<?xml version="1.0" encoding="UTF-8"?>
<jcr:root xmlns:sling="http://sling.apache.org/jcr/sling/1.0" xmlns:cq="http://www.day.com/jcr/cq/1.0" xmlns:jcr="http://www.jcp.org/jcr/1.0" xmlns:nt="http://www.jcp.org/jcr/nt/1.0"
    jcr:primaryType="nt:unstructured"
    jcr:title="Edit Component"
    sling:resourceType="cq/gui/components/authoring/dialog">
    <content
        jcr:primaryType="nt:unstructured"
        sling:resourceType="granite/ui/components/coral/foundation/tabs">
        <items jcr:primaryType="nt:unstructured">
            <tab1
                jcr:primaryType="nt:unstructured"
                jcr:title="Chat Button"
                sling:resourceType="granite/ui/components/coral/foundation/fixedcolumns">
                <items jcr:primaryType="nt:unstructured">
                    <column
                        jcr:primaryType="nt:unstructured"
                        sling:resourceType="granite/ui/components/foundation/container">
                        <items jcr:primaryType="nt:unstructured">
                            <enableChat
                                jcr:primaryType="nt:unstructured"
                                sling:resourceType="granite/ui/components/coral/foundation/form/checkbox"
                                fieldLabel="Enable Chat"
                                name="./isEnabled"
                                text="Enable Chat"
                                uncheckedValue="false"
                                value="{Boolean}true"/>
                            <chatButtons
                                jcr:primaryType="nt:unstructured"
                                sling:resourceType="granite/ui/components/coral/foundation/form/select"
                                fieldLabel="Buttons Type"
                                name="./chatButtonType"
                                value="mutual">
                                <items jcr:primaryType="nt:unstructured">
                                    <lifeCustomerService
                                        jcr:primaryType="nt:unstructured"
                                        text="Life Customer Service (Floating)"
                                        value="lifeCustomerService"/>
                                    <lifeSales
                                        jcr:primaryType="nt:unstructured"
                                        text="Life Sales (Floating)"
                                        value="lifeSales"/>
                                    <mutual
                                        jcr:primaryType="nt:unstructured"
                                        text="Mutual (Floating)"
                                        value="mutual"/>
                                </items>
                            </chatButtons>
                        </items>
                    </column>
                </items>
            </tab1>
        </items>
    </content>
</jcr:root>
