<?xml version="1.0" encoding="UTF-8"?>
<jcr:root xmlns:sling="http://sling.apache.org/jcr/sling/1.0" xmlns:granite="http://www.adobe.com/jcr/granite/1.0" xmlns:cq="http://www.day.com/jcr/cq/1.0" xmlns:jcr="http://www.jcp.org/jcr/1.0" xmlns:nt="http://www.jcp.org/jcr/nt/1.0"
    jcr:primaryType="nt:unstructured"
    jcr:title="Video"
    sling:resourceType="cq/gui/components/authoring/dialog"
    helpPath="https://www.adobe.com/go/aem_cmp_image_v1">
    <content
        jcr:primaryType="nt:unstructured"
        sling:resourceType="granite/ui/components/coral/foundation/container">
        <items jcr:primaryType="nt:unstructured">
            <video
                jcr:primaryType="nt:unstructured"
                jcr:title="Video"
                sling:resourceType="granite/ui/components/coral/foundation/fixedcolumns">
                <items jcr:primaryType="nt:unstructured">
                    <column
                        jcr:primaryType="nt:unstructured"
                        sling:resourceType="granite/ui/components/coral/foundation/container">
                        <items jcr:primaryType="nt:unstructured">
                            <source
                              jcr:primaryType="nt:unstructured"
			                  fieldDescription="Include **ONLY** the final segment of the YouTube URL. eg://www.youtube.com/embed/kLGbcmA49uE **ONLY** kLGbcmA49uE is required."
			                  fieldLabel="Source"
			                  sling:resourceType="granite/ui/components/coral/foundation/form/textfield"
			                  name="./source"/>
			                <description
                              jcr:primaryType="nt:unstructured"
			                  fieldLabel="Description"
			                  sling:resourceType="granite/ui/components/coral/foundation/form/textfield"
			                  name="./description"/>
			                 <analyticsInput
                            	jcr:primaryType="nt:unstructured"
                               	sling:resourceType="granite/ui/components/foundation/include"
                              	path="/apps/amica-digital/components/commons/analytics_input/analytics_input_container"/>
                        </items>
                    </column>
                </items>
            </video>
        </items>
    </content>
</jcr:root>