<?xml version="1.0" encoding="UTF-8"?>
<jcr:root xmlns:sling="http://sling.apache.org/jcr/sling/1.0" xmlns:cq="http://www.day.com/jcr/cq/1.0" xmlns:jcr="http://www.jcp.org/jcr/1.0" xmlns:mix="http://www.jcp.org/jcr/mix/1.0" xmlns:nt="http://www.jcp.org/jcr/nt/1.0" xmlns:rep="internal"
    jcr:mixinTypes="[rep:AccessControllable]"
    jcr:primaryType="cq:Page">
    <jcr:content
        cq:designPath="/etc/designs/default"
        cq:lastModified="{Date}2015-02-19T14:35:39.448-05:00"
        cq:lastModifiedBy="A16194"
        cq:template="/libs/cq/workflow/templates/model"
        jcr:isCheckedOut="{Boolean}true"
        jcr:mixinTypes="[mix:versionable]"
        jcr:primaryType="cq:PageContent"
        jcr:title="Amica Value - Page Maintenance"
        jcr:uuid="4df9bf59-1cbe-4f92-8301-c497acb54842"
        sling:resourceType="cq/workflow/components/pages/model">
        <flow
            jcr:primaryType="nt:unstructured"
            sling:resourceType="foundation/components/parsys">
            <participant
                jcr:created="{Date}2010-09-21T14:47:57.672+02:00"
                jcr:createdBy="admin"
                jcr:description="To approve the page"
                jcr:lastModified="{Date}2015-02-19T14:35:39.448-05:00"
                jcr:lastModifiedBy="A16194"
                jcr:primaryType="nt:unstructured"
                jcr:title="Amica Value Marketing"
                sling:resourceType="cq/workflow/components/model/participant">
                <metaData
                    jcr:lastModified="{Date}2010-09-21T14:48:07.024+02:00"
                    jcr:lastModifiedBy="admin"
                    jcr:primaryType="nt:unstructured"
                    DO_NOTIFY="true"
                    PARTICIPANT="/home/groups/amica/amica-value-marketing"/>
            </participant>
            <participant_0
                jcr:created="{Date}2014-03-18T09:27:00.951-04:00"
                jcr:createdBy="A16194"
                jcr:description="approve to the page content"
                jcr:lastModified="{Date}2014-03-18T09:31:56.444-04:00"
                jcr:lastModifiedBy="A16194"
                jcr:primaryType="nt:unstructured"
                jcr:title="Corp Comm"
                sling:resourceType="cq/workflow/components/model/participant">
                <metaData
                    jcr:lastModified="{Date}2010-09-21T14:48:07.024+02:00"
                    jcr:lastModifiedBy="admin"
                    jcr:primaryType="nt:unstructured"
                    DO_NOTIFY="true"
                    PARTICIPANT="/home/groups/amica/corp-comm"/>
            </participant_0>
            <participant_2
                jcr:created="{Date}2014-03-18T09:39:05.723-04:00"
                jcr:createdBy="A16194"
                jcr:description="To add/check coremetrics"
                jcr:lastModified="{Date}2014-03-18T09:40:05.065-04:00"
                jcr:lastModifiedBy="A16194"
                jcr:primaryType="nt:unstructured"
                jcr:title="Marketing Research"
                sling:resourceType="cq/workflow/components/model/participant">
                <metaData
                    jcr:lastModified="{Date}2010-09-21T14:48:07.024+02:00"
                    jcr:lastModifiedBy="admin"
                    jcr:primaryType="nt:unstructured"
                    DO_NOTIFY="true"
                    PARTICIPANT="/home/groups/amica/marketing-research"/>
            </participant_2>
            <participant_1
                jcr:created="{Date}2013-12-11T12:23:57.889-05:00"
                jcr:createdBy="A16194"
                jcr:description="approve to publish the page"
                jcr:lastModified="{Date}2014-03-18T09:38:41.745-04:00"
                jcr:lastModifiedBy="A16194"
                jcr:primaryType="nt:unstructured"
                jcr:title="Authors"
                sling:resourceType="cq/workflow/components/model/participant">
                <metaData
                    jcr:lastModified="{Date}2010-09-21T14:48:07.024+02:00"
                    jcr:lastModifiedBy="admin"
                    jcr:primaryType="nt:unstructured"
                    DO_NOTIFY="true"
                    PARTICIPANT="/home/groups/amica/amica-value-authors"/>
            </participant_1>
            <activateresourceproc
                jcr:created="{Date}2013-12-11T12:32:30.393-05:00"
                jcr:createdBy="A16194"
                jcr:description="A process to activate a page or asset"
                jcr:lastModified="{Date}2013-12-11T12:32:44.955-05:00"
                jcr:lastModifiedBy="A16194"
                jcr:primaryType="nt:unstructured"
                jcr:title="Activate Page/Asset"
                sling:resourceType="wcm/workflow/components/workflow/activateresourceprocess"
                PROCESS="com.day.cq.wcm.workflow.process.ActivatePageProcess"
                PROCESS_AUTO_ADVANCE="true">
                <metaData
                    jcr:primaryType="nt:unstructured"
                    PROCESS="com.day.cq.wcm.workflow.process.ActivatePageProcess"
                    PROCESS_AUTO_ADVANCE="true"
                    replicateAsParticipant="true"/>
            </activateresourceproc>
        </flow>
        <model/>
    </jcr:content>
</jcr:root>
