<?xml version="1.0" encoding="UTF-8"?>
<jcr:root xmlns:cq="http://www.day.com/jcr/cq/1.0" xmlns:jcr="http://www.jcp.org/jcr/1.0" xmlns:nt="http://www.jcp.org/jcr/nt/1.0"
    jcr:primaryType="nt:unstructured">
    <format
        jcr:primaryType="nt:unstructured"
        features="*"/>
    <justify
        jcr:primaryType="nt:unstructured"
        features="*"/>
    <lists
        jcr:primaryType="nt:unstructured"
        features="*"/>
    <paraformat
        jcr:primaryType="nt:unstructured"
        features="*">
        <formats jcr:primaryType="nt:unstructured">
            <default_p
                jcr:primaryType="nt:unstructured"
                description="Paragraph"
                tag="p"/>
            <blockquote
                jcr:primaryType="nt:unstructured"
                description="Block Quote"
                tag="blockquote"/>
            <default_h1
                jcr:primaryType="nt:unstructured"
                description="Heading 1"
                tag="h1"/>
            <default_h2
                jcr:primaryType="nt:unstructured"
                description="Heading 2"
                tag="h2"/>
            <default_h3
                jcr:primaryType="nt:unstructured"
                description="Heading 3"
                tag="h3"/>
            <default_h4
                jcr:primaryType="nt:unstructured"
                description="Heading 4"
                tag="h4"/>
            <default_h5
                jcr:primaryType="nt:unstructured"
                description="Heading 5"
                tag="h5"/>
            <default_h6
                jcr:primaryType="nt:unstructured"
                description="Heading 6"
                tag="h6"/>
        </formats>
    </paraformat>
    <links
        jcr:primaryType="nt:unstructured"
        features="*"/>
    <table
        jcr:primaryType="nt:unstructured"
        features="*">
        <hiddenHeaderConfig
            jcr:primaryType="nt:unstructured"
            hiddenHeaderClassName="cq-wcm-foundation-aria-visuallyhidden"
            hiddenHeaderEditingCSS="coral-RichText-hiddenHeader--editing"/>
    </table>
    <experience-aem
        jcr:primaryType="nt:unstructured"
        features="*"/>
    <misctools
        jcr:primaryType="nt:unstructured"
        features="[specialchars]">
        <specialCharsConfig jcr:primaryType="nt:unstructured">
            <chars jcr:primaryType="nt:unstructured">
                <copyright
                    jcr:primaryType="nt:unstructured"
                    entity="&amp;#169;"
                    name="copyright"/>
                <registered
                    jcr:primaryType="nt:unstructured"
                    entity="&amp;#174;"
                    name="registered"/>
                <trademark
                    jcr:primaryType="nt:unstructured"
                    entity="&amp;#8482;"
                    name="trademark"/>
                <emDash
                    jcr:primaryType="nt:unstructured"
                    entity="&amp;#8212;"
                    name="emDash"/>
                <enDash
                    jcr:primaryType="nt:unstructured"
                    entity="&amp;#8211;"
                    name="enDash"/>
                <leftDoubleQuote
                    jcr:primaryType="nt:unstructured"
                    entity="&amp;#8220;"
                    name="leftDoubleQuote"/>
                <rightDoubleQuote
                    jcr:primaryType="nt:unstructured"
                    entity="&amp;#8221;"
                    name="rightDoubleQuote"/>
            </chars>
        </specialCharsConfig>
    </misctools>
    <edit
        jcr:primaryType="nt:unstructured"
        defaultPasteMode="wordhtml"
        features="[cut,copy,paste-plaintext,paste-wordhtml]"
        stripHtmlTags="{Boolean}true"/>
    <findreplace
        jcr:primaryType="nt:unstructured"
        features="*"/>
    <subsuperscript
        jcr:primaryType="nt:unstructured"
        features="*"/>
    <spellcheck
        jcr:primaryType="nt:unstructured"
        features="*"/>
    <undo
        jcr:primaryType="nt:unstructured"
        features="*"/>
    <styles
        jcr:primaryType="nt:unstructured"
        features="*">
        <styles jcr:primaryType="cq:WidgetCollection">
		   <h2-left-aligned  
               jcr:primaryType="nt:unstructured"
               text="H2 Left Aligned"
               cssName="h2-left-aligned"/>
           <h2-center-aligned
               jcr:primaryType="nt:unstructured"
               text="H2 Center Aligned"
               cssName="h2-center-aligned"/>        
		   <h3-left-aligned  
               jcr:primaryType="nt:unstructured"
               text="H3 Left Aligned"
               cssName="h3-left-aligned"/>
           <h3-center-aligned
               jcr:primaryType="nt:unstructured"
               text="H3 Center Aligned"
               cssName="h3-center-aligned"/>            
            <avenir-heavy
                jcr:primaryType="nt:unstructured"
                cssName="avenir-heavy"
                text="Avenir Heavy"/>
            <avenir-heavy-oblique
                jcr:primaryType="nt:unstructured"
                cssName="avenir-heavy-oblique"
                text="Avenir Heavy Oblique"/>
            <avenir-light
                jcr:primaryType="nt:unstructured"
                cssName="avenir-light"
                text="Avenir Light"/>
            <avenir-light-oblique
                jcr:primaryType="nt:unstructured"
                cssName="avenir-light-oblique"
                text="Avenir Light Oblique"/>
            <avenir-medium
                jcr:primaryType="nt:unstructured"
                cssName="avenir-medium"
                text="Avenir Medium"/>
            <avenir-medium-oblique
                jcr:primaryType="nt:unstructured"
                cssName="avenir-medium-oblique"
                text="Avenir Medium Oblique"/>
            <bodyLarge
                jcr:primaryType="nt:unstructured"
                cssName="body-large"
                text="Body Large"/>
            <body-regular
                jcr:primaryType="nt:unstructured"
                cssName="body-regular"
                text="Body"/>
            <body-small
                jcr:primaryType="nt:unstructured"
                cssName="body-small"
                text="Body Small"/>
            <call-to-action
                jcr:primaryType="nt:unstructured"
                cssName="call-to-action"
                text="Call To Action"/>
            <device-bold
                jcr:primaryType="nt:unstructured"
                cssName="device-bold"
                text="Device Bold"/>
            <device-black
                jcr:primaryType="nt:unstructured"
                cssName="device-black"
                text="Device Black"/>
            <device-regular
                jcr:primaryType="nt:unstructured"
                cssName="device-regular"
                text="Device Regular"/>
            <device-semibold
                jcr:primaryType="nt:unstructured"
                cssName="device-semibold"
                text="Device Semibold"/>
            <testimonial
                jcr:primaryType="nt:unstructured"
                cssName="testimonial"
                text="Testimonial"/>
            <intro-tagline
                jcr:primaryType="nt:unstructured"
                cssName="intro-tagline"
                text="Intro/Tagline"/>
            <AlertText
                jcr:primaryType="nt:unstructured"
                cssName="alertText"
                text="Alert Text"/>
            <DisclaimerText
                jcr:primaryType="nt:unstructured"
                cssName="disclaimer"
                text="Disclaimer Style"/>
        </styles>
    </styles>
    <fontstyles
        jcr:primaryType="nt:unstructured"
        features="*">
        <styles jcr:primaryType="cq:WidgetCollection">
            <avenir-13
                jcr:primaryType="nt:unstructured"
                cssName="avenir-13"
                text="Avenir 13"/>
            <avenir-16
                jcr:primaryType="nt:unstructured"
                cssName="avenir-16"
                text="Avenir 16"/>
            <avenir-18
                jcr:primaryType="nt:unstructured"
                cssName="avenir-18"
                text="Avenir 18"/>
            <avenir-24
                jcr:primaryType="nt:unstructured"
                cssName="avenir-24"
                text="Avenir 24"/>
            <avenir-32
                jcr:primaryType="nt:unstructured"
                cssName="avenir-32"
                text="Avenir 32"/>
            <avenir-42
                jcr:primaryType="nt:unstructured"
                cssName="avenir-42"
                text="Avenir 42"/>
            <device-13
                jcr:primaryType="nt:unstructured"
                cssName="device-13"
                text="Device 13"/>
            <device-14
                jcr:primaryType="nt:unstructured"
                cssName="device-14"
                text="Device 14"/>
            <device-16
                jcr:primaryType="nt:unstructured"
                cssName="device-16"
                text="Device 16"/>
            <device-18
                jcr:primaryType="nt:unstructured"
                cssName="device-18"
                text="Device 18"/>
        </styles>
    </fontstyles>
    <iconfonts
        jcr:primaryType="nt:unstructured"
        features="*">
        <styles jcr:primaryType="cq:WidgetCollection">
            <icon-ui-external-site
                jcr:primaryType="nt:unstructured"
                cssName="icon-ui-external-site"
                text="External Site"/>
            <icon-social-media-facebook
                jcr:primaryType="nt:unstructured"
                cssName="icon-social-media-facebook"
                text="Facebook"/>
            <icon-social-media-instagram
                jcr:primaryType="nt:unstructured"
                cssName="icon-social-media-instagram"
                text="Instagram"/>
            <icon-social-media-linkedin
                jcr:primaryType="nt:unstructured"
                cssName="icon-social-media-linkedin"
                text="Linkedin"/>
            <icon-social-media-twitter
                jcr:primaryType="nt:unstructured"
                cssName="icon-social-media-twitter"
                text="Twitter"/>
            <icon-social-media-youtube
                jcr:primaryType="nt:unstructured"
                cssName="icon-social-media-youtube"
                text="Youtube"/>
            <icon-ui-chevron-right
                jcr:primaryType="nt:unstructured"
                cssName="icon-ui-chevron-right"
                text="Chevron Right"/>
            <icon-ui-chevron-up
                jcr:primaryType="nt:unstructured"
                cssName="icon-ui-chevron-up"
                text="Chevron Up"/>
            <icon-ui-chevron-down
                jcr:primaryType="nt:unstructured"
                cssName="icon-ui-chevron-down"
                text="Chevron Down"/>
            <icon-ui-chevron-left
                jcr:primaryType="nt:unstructured"
                cssName="icon-ui-chevron-left"
                text="Chevron Left"/>
            <icon-storm-center
                jcr:primaryType="nt:unstructured"
                cssName="icon-storm-center"
                text="Storm Center"/>
            <icon-storm-center-earthquake
                jcr:primaryType="nt:unstructured"
                cssName="icon-storm-center-earthquake"
                text="Storm Center Earthquake"/>
            <icon-storm-center-flood
                jcr:primaryType="nt:unstructured"
                cssName="icon-storm-center-flood"
                text="Storm Center Flood"/>
            <icon-storm-center-frozen-pipes
                jcr:primaryType="nt:unstructured"
                cssName="icon-storm-center-frozen-pipes"
                text="Storm Center Frozen Pipes"/>
            <icon-storm-center-hail
                jcr:primaryType="nt:unstructured"
                cssName="icon-storm-center-hail"
                text="Storm Center hail"/>
            <icon-storm-center-hurricane
                jcr:primaryType="nt:unstructured"
                cssName="icon-storm-center Hurricane"
                text="Storm Center Hurricane"/>
            <icon-storm-center-ice-dams
                jcr:primaryType="nt:unstructured"
                cssName="icon-storm-center-ice-dams"
                text="Storm Center Ice Dams"/>
            <icon-storm-center-power-outage
                jcr:primaryType="nt:unstructured"
                cssName="icon-storm-center-power-outage"
                text="Storm Center Power Outage"/>
            <icon-storm-center-roof-collapse
                jcr:primaryType="nt:unstructured"
                cssName="icon-storm-center-roof-collapse"
                text="Storm Center Roof Collapse"/>
            <icon-storm-center-snow-flooding
                jcr:primaryType="nt:unstructured"
                cssName="icon-storm-center-snow-flooding"
                text="Storm Center Snow Flooding"/>
            <icon-storm-center-toolkit
                jcr:primaryType="nt:unstructured"
                cssName="icon-storm-center-toolkit"
                text="Storm Center Toolkit"/>
            <icon-storm-center-tornado
                jcr:primaryType="nt:unstructured"
                cssName="icon-storm-center-tornado"
                text="Storm Center Tornado"/>
            <icon-storm-center-wildfire
                jcr:primaryType="nt:unstructured"
                cssName="icon-storm-center-wildfire"
                text="Storm Center Wildfire"/>
            <icon-storm-center-winter-storm
                jcr:primaryType="nt:unstructured"
                cssName="icon-storm-center-winter-storm"
                text="Storm Center Winter Storm"/>
        </styles>
    </iconfonts>
</jcr:root>
